{"champion" = {
	"Pick_Time":6163
	,"Ban_Rate":0.003606171009491523
	,"Ban_Rate_Game":0.02136
	,"Ban_Time":2136
	,"Pick_Rate":0.06163
	,"Assists_Rate":6.290605224728217
	,"Assists":38769
	,"Death_Rate":5.872140191465196
	,"Death":36190
	,"Kills_Rate":6.679376926821353
	,"Kills":41165
	,"KDA":2.208731693838077
	,"Gold_Earned":70704021
	,"Gold_Earned_Average":11472.33830926497
	,"Gold_Spent":64269294
	,"Gold_Spent_Average":10428.248255719616
	,"First_Blood_Assist":0
	,"First_Blood_Assist_Average":0
	,"First_Blood_Kill":896
	,"First_Blood_Average":0.1453837416842447
	,"First_Inhibitor_Assist":643
	,"First_Inhibitor_Assist_Average":0.10433230569527828
	,"First_Inhibitor_Kill":689
	,"First_Inhibitor_Kill_Average":0.11179620314781762
	,"First_Tower_Kill":938
	,"First_Tower_Kill_Average":0.15219860457569365
	,"First_Tower_Assist":160
	,"First_Tower_Assist_Average":0.025961382443615122
	,"Largest_Killing_Spree":19724
	,"Largest_Killing_Spree_Average":3.2003894207366543
	,"Largest_Multu_Kill":9005
	,"Largest_Multi_Kill_Average":1.4611390556547137
	,"Largest_Critical_Strike":1823
	,"Total_Crit_Average":96.58640272594516
	,"Total_Crit":595262
	,"Magic_Damage_Dealt_To_Champion_Average":5894.69041051436
	,"Magic_Damage_Dealt_To_Champion":36328977
	,"Magic_Damage_Dealt":234710891
	,"Magic_Damage_Dealt_Average":38083.870030829145
	,"Magic_Damage_Taken":54630166
	,"Magic_Damage_Taken_Average":8864.216453026123
	,"Minions_Killed":662571
	,"Minions_Killed_Average":107.50786954405322
	,"Neutral_Minion_Killed":222671
	,"Neutral_Minion_Killed_Average":36.13029368813889
	,"Neutral_Minion_Killed_Enemy_Jungle":51500
	,"Neutral_Minion_Killed_Enemy_Jungle_Average":8.356319974038618
	,"Pentakills":12
	,"Pentakills_Average":0.0019471036832711343
	,"Physical_Damage_Dealt_To_Champion":64898154
	,"Physical_Damage_Dealt_To_Champion_Average":10530.286224241441
	,"Physical_Damage_Dealt":653906333
	,"Physical_Damage_Dealt_Average":106101.9524582184
	,"Physical_Damage_Taken":142074697
	,"Physical_Damage_Taken_Average":23052.847152360864
	,"Total_Damage_Dealt":938389916
	,"Total_Damage_Dealt_Average":152261.87181567418
	,"Total_Damage_Dealt_To_Champion":105391192
	,"Total_Damage_Dealt_To_Champion_Average":17100.63151062794
	,"Total_Damage_Taken":202265069
	,"Total_Damage_Taken_Average":32819.255070582505
	,"Total_Heal":101651179
	,"Total_Heal_Average":16493.782086646115
	,"Total_Time_Crowd_Control_Dealt":5829280
	,"Total_Time_Crowd_Control_Dealt_Average":945.8510465682298
	,"Tower_Kills":7656
	,"Tower_Kills_Average":1.2422521499269836
	,"True_Damage_Dealt_To_Champion":4160636
	,"True_Damage_Dealt_To_Champion_Average":675.0991400292065
	,"True_Damage_Dealt":49769022
	,"True_Damage_Dealt_Average":8075.453837416842
	,"True_Damage_Taken":5555787
	,"True_Damage_Taken_Average":901.4744442641571
	,"Sight_Wards_Bought":1260
	,"Sight_Wards_Bought_Average":0.20444588674346909
	,"Vision_Wards_Bought":1121
	,"Vision_Wards_Bought_Average":0.18189193574557846
	,"Total_Wards_Bought":0.3863378224890475
	,"Wards_Placed":34312
	,"Wards_Placed_Average":5.567418465033263
	,"Wards_Killed":2896
	,"WardsKilled_Average":0.4699010222294337
	,"Win":3240
	,"Win_Rate":0.5257179944832062
	,"lose":2923
	,"Lose_Rate":0.4742820055167938
}

"Items" = {
	"one" : {
		"name" :'Blade of the Ruined King' ,
		"percentages" :'66.93%' ,
		"win" : "57.28%",
	},
	"two" : {
		"name" : 'Ravenous Hydra',
		"percentages" :'35.68%' ,
		"win" : ,
	},
	"three" : {
		"name" : 'Spirit Visage',
		"percentages" : '23.51%',
		"win" : "61.20%",
	},
	"four" : {
		"name" : 'Flesheater',
		"percentages" : '20.39%',
		"win" : "57.83%",
	},
	"five" : {
		"name" : 'Typhoon Claws',
		"percentages" : '18.80%',
		"win" : "58.15%",
	},
	"six" : {
		"name" : "Randuin's Omen",
		"percentages" : '17.26%',
		"win" : "53.94%",
	},
	"seven" : {
		"name" : 'The Bloodthirster',
		"percentages" : '8.69%',
		"win" : "61.75%",
	},
	"eight" : {
		"name" : 'Ruby Sightstone',
		"percentages" : '5.84%',
		"win" : "42.50%",
	},
	"nine" : {
		"name" : "Dead Man's Plate",
		"percentages" : '5.63%',
		"win" : "59.07%",
	},
	"ten" : {
		"name" : 'Last Wishper',
		"percentages" : '5.50%',
		"win" : "64.30%",
	},
}
}