{"champion" = {

"Pick_Time":5896
,"Ban_Rate":0.002110352884767979
,"Ban_Rate_Game":0.0125
,"Ban_Time":1250
,"Pick_Rate":0.05896
,"Assists_Rate":12.53799185888738
,"Assists":73924
,"Death_Rate":5.676390773405699
,"Death":33468
,"Kills_Rate":2.2715400271370423
,"Kills":13393
,"KDA":2.60896976216087
,"Gold_Earned":51682070
,"Gold_Earned_Average":8765.615671641792
,"Gold_Spent":47259231
,"Gold_Spent_Average":8015.473371777476
,"First_Blood_Assist":0
,"First_Blood_Assist_Average":0
,"First_Blood_Kill":242
,"First_Blood_Average":0.041044776119402986
,"First_Inhibitor_Assist":1220
,"First_Inhibitor_Assist_Average":0.20691994572591588
,"First_Inhibitor_Kill":126
,"First_Inhibitor_Kill_Average":0.021370420624151967
,"First_Tower_Kill":161
,"First_Tower_Kill_Average":0.027306648575305292
,"First_Tower_Assist":542
,"First_Tower_Assist_Average":0.09192672998643148
,"Largest_Killing_Spree":5372
,"Largest_Killing_Spree_Average":0.9111261872455902
,"Largest_Multu_Kill":5055
,"Largest_Multi_Kill_Average":0.8573609226594301
,"Largest_Critical_Strike":1379
,"Total_Crit_Average":26.84056987788331
,"Total_Crit":158252
,"Magic_Damage_Dealt_To_Champion_Average":5763.046132971506
,"Magic_Damage_Dealt_To_Champion":33978920
,"Magic_Damage_Dealt":151137361
,"Magic_Damage_Dealt_Average":25633.880766621438
,"Magic_Damage_Taken":57586208
,"Magic_Damage_Taken_Average":9766.99592944369
,"Minions_Killed":245716
,"Minions_Killed_Average":41.67503392130258
,"Neutral_Minion_Killed":15023
,"Neutral_Minion_Killed_Average":2.547998643147897
,"Neutral_Minion_Killed_Enemy_Jungle":3586
,"Neutral_Minion_Killed_Enemy_Jungle_Average":0.6082089552238806
,"Pentakills":0
,"Pentakills_Average":0
,"Physical_Damage_Dealt_To_Champion":10514798
,"Physical_Damage_Dealt_To_Champion_Average":1783.3782225237449
,"Physical_Damage_Dealt":68100802
,"Physical_Damage_Dealt_Average":11550.339552238805
,"Physical_Damage_Taken":108837544
,"Physical_Damage_Taken_Average":18459.55630936228
,"Total_Damage_Dealt":238759526
,"Total_Damage_Dealt_Average":40495.170624151964
,"Total_Damage_Dealt_To_Champion":45630399
,"Total_Damage_Dealt_To_Champion_Average":7739.212856173677
,"Total_Damage_Taken":173308263
,"Total_Damage_Taken_Average":29394.21014246947
,"Total_Heal":62495382
,"Total_Heal_Average":10599.62381275441
,"Total_Time_Crowd_Control_Dealt":3577167
,"Total_Time_Crowd_Control_Dealt_Average":606.7108208955224
,"Tower_Kills":1888
,"Tower_Kills_Average":0.3202170963364993
,"True_Damage_Dealt_To_Champion":1133616
,"True_Damage_Dealt_To_Champion_Average":192.26865671641792
,"True_Damage_Dealt":19516215
,"True_Damage_Dealt_Average":3310.077170963365
,"True_Damage_Taken":6880553
,"True_Damage_Taken_Average":1166.9866010854817
,"Sight_Wards_Bought":3370
,"Sight_Wards_Bought_Average":0.5715739484396201
,"Vision_Wards_Bought":3834
,"Vision_Wards_Bought_Average":0.6502713704206241
,"Total_Wards_Bought":1.2218453188602443
,"Wards_Placed":86121
,"Wards_Placed_Average":14.60668249660787
,"Wards_Killed":5747
,"WardsKilled_Average":0.9747286295793759
,"Win":2907
,"Win_Rate":0.4930461329715061
,"lose":2989
,"Lose_Rate":0.5069538670284939








}


"Items" = {

	"one" : {
		"name" : 'Sightstone',
		"percentages" : '54.12%',
		"win" : "50.29%",
	},
	"two" : {
		"name" : 'Face of the Mountain',
		"percentages" : '45.01%',
		"win" : "53.39%",
	},
	"three" : {
		"name" : 'Frozen Heart',
		"percentages" : '15.33%',
		"win" : "57.74%",
	},
	"four" : {
		"name" : "Martyr’s Gambit",
		"percentages" : '14.12%',
		"win" : "61.82%",
	},
	"five" : {
		"name" : "Righteous Glory",
		"percentages" : '13.63%',
		"win" : "56.71%",
	},
	"six" : {
		"name" : "Ruby Sightstone",
		"percentages" : '12.65%',
		"win" : "44.36%",
	},
	"seven" : {
		"name" : "Dead Man’s Plate",
		"percentages" : '11.77%',
		"win" : "60.08%",
	},
	"eight" : {
		"name" : "Randuin’s Omen",
		"percentages" : '10.60%',
		"win" : "53.76%",
	},
	"nine" : {
		"name" : "Spirit Visage",
		"percentages" : '8.19%',
		"win" : "58.38%",
	},
	"ten" : {
		"name" : "Trickster’s Glass",
		"percentages" : '7.63%',
		"win" : "54.44%",
	},

}
}