{"champion" : {
"Pick_Time":4738
,"Ban_Rate":0.007264678770525292
,"Ban_Rate_Game":0.04303
,"Ban_Time":4303
,"Pick_Rate":0.04738
,"Assists_Rate":6.92929506120726
,"Assists":32831
,"Death_Rate":7.583157450401013
,"Death":35929
,"Kills_Rate":6.223512030392571
,"Kills":29487
,"KDA":1.734476328314175
,"Gold_Earned":51711871
,"Gold_Earned_Average":10914.282608695652
,"Gold_Spent":48047688
,"Gold_Spent_Average":10140.92190797805
,"First_Blood_Assist":0
,"First_Blood_Assist_Average":0
,"First_Blood_Kill":462
,"First_Blood_Average":0.0975094976783453
,"First_Inhibitor_Assist":653
,"First_Inhibitor_Assist_Average":0.13782186576614605
,"First_Inhibitor_Kill":299
,"First_Inhibitor_Kill_Average":0.06310679611650485
,"First_Tower_Kill":487
,"First_Tower_Kill_Average":0.10278598564795273
,"First_Tower_Assist":82
,"First_Tower_Assist_Average":0.017306880540312368
,"Largest_Killing_Spree":11755
,"Largest_Killing_Spree_Average":2.4810046433094133
,"Largest_Multu_Kill":6760
,"Largest_Multi_Kill_Average":1.426762346981849
,"Largest_Critical_Strike":914
,"Total_Crit_Average":3.10658505698607
,"Total_Crit":14719
,"Magic_Damage_Dealt_To_Champion_Average":18204.597720557198
,"Magic_Damage_Dealt_To_Champion":86253384
,"Magic_Damage_Dealt":545747960
,"Magic_Damage_Dealt_Average":115185.30181511186
,"Magic_Damage_Taken":38941479
,"Magic_Damage_Taken_Average":8218.969818488813
,"Minions_Killed":667202
,"Minions_Killed_Average":140.81933305192064
,"Neutral_Minion_Killed":35596
,"Neutral_Minion_Killed_Average":7.512874630645842
,"Neutral_Minion_Killed_Enemy_Jungle":8622
,"Neutral_Minion_Killed_Enemy_Jungle_Average":1.8197551709582103
,"Pentakills":11
,"Pentakills_Average":0.002321654706627269
,"Physical_Damage_Dealt_To_Champion":9153370
,"Physical_Damage_Dealt_To_Champion_Average":1931.9058674546222
,"Physical_Damage_Dealt":76308924
,"Physical_Damage_Dealt_Average":16105.724778387505
,"Physical_Damage_Taken":53684362
,"Physical_Damage_Taken_Average":11330.595609962009
,"Total_Damage_Dealt":624813336
,"Total_Damage_Dealt_Average":131872.80202617138
,"Total_Damage_Dealt_To_Champion":96950998
,"Total_Damage_Dealt_To_Champion_Average":20462.430983537357
,"Total_Damage_Taken":95773310
,"Total_Damage_Taken_Average":20213.868720979317
,"Total_Heal":6027651
,"Total_Heal_Average":1272.1931194596875
,"Total_Time_Crowd_Control_Dealt":1595147
,"Total_Time_Crowd_Control_Dealt_Average":336.6709582102153
,"Tower_Kills":4589
,"Tower_Kills_Average":0.9685521317011397
,"True_Damage_Dealt_To_Champion":1541663
,"True_Damage_Dealt_To_Champion_Average":325.38265090755596
,"True_Damage_Dealt":2753706
,"True_Damage_Dealt_Average":581.1958632334319
,"True_Damage_Taken":3144343
,"True_Damage_Taken_Average":663.6435204727733
,"sight_Wards_Bought":1871
,"sight_Wards_Bought_Average":0.39489235964542
,"Vision_Wards_Bought":1116
,"Vision_Wards_Bought_Average":0.23554242296327565
,"Total_Wards_Bought":0.6304347826086957
,"Wards_Placed":29543
,"Wards_Placed_Average":6.235331363444491
,"Wards_Killed":1857
,"WardsKilled_Average":0.39193752638243984
,"Win":2175
,"Win_Rate":0.4590544533558463
,"lose":2563
,"Lose_Rate":0.5409455466441536


}

"Items" : {

	"one" : {
		"name" : "Rabadon’s Deathcap",
		"percentages" : "38.47%",
		"win" : "54.14%",
	},
	"two" : {
		"name" : "Zhonya’s Hourglass",
		"percentages" : "27.01%",
		"win" : "53.28%",
	},
	"three" : {
		"name" : "Athene’s Unholy Grail",
		"percentages" : "25.60%",
		"win" : "45.67%",
	},
	"four" : {
		"name" : "Nashor’s Tooth",
		"percentages" : "24.27%",
		"win" : "52.17%",
	},
	"five" : {
		"name" : "Pox Arcana",
		"percentages" : "17.58%",
		"win" : "50.42%",
	},
	"six" : {
		"name" : "Luden’s Echo",
		"percentages" : "16.65%",
		"win" : "52.59%",
	},
	"seven" : {
		"name" : "Netherstride Grimoire",
		"percentages" : "13.57%",
		"win" : "51.01%",
	},
	"eight" : {
		"name" : "Rylai’s Crystal Scepter",
		"percentages" : "12.98%",
		"win" : "55.60%",
	},
	"nine" : {
		"name" : "Void Staff",
		"percentages" : "12.32%",
		"win" : "58.56%",
	},
	"ten" : {
		"name" : "Rite of Ruin",
		"percentages" : "12.13%",
		"win" : "50.26%",
	},

}






}