{"champion" = {

"Pick_Time":17390
,"Ban_Rate":0.030458301115279293
,"Ban_Rate_Game":0.18041
,"Ban_Time":18041
,"Pick_Rate":0.1739
,"Assists_Rate":11.931914893617021
,"Assists":207496
,"Death_Rate":6.282173663024727
,"Death":109247
,"Kills_Rate":3.3983323749281196
,"Kills":59097
,"KDA":2.440277536225251
,"Gold_Earned":160951717
,"Gold_Earned_Average":9255.417883841288
,"Gold_Spent":147637832
,"Gold_Spent_Average":8489.812075905693
,"First_Blood_Assist":0
,"First_Blood_Assist_Average":0
,"First_Blood_Kill":968
,"First_Blood_Average":0.055664174813110985
,"First_Inhibitor_Assist":2959
,"First_Inhibitor_Assist_Average":0.17015526164462336
,"First_Inhibitor_Kill":428
,"First_Inhibitor_Kill_Average":0.024611845888441633
,"First_Tower_Kill":633
,"First_Tower_Kill_Average":0.036400230017251296
,"First_Tower_Assist":1521
,"First_Tower_Assist_Average":0.08746405980448534
,"Largest_Killing_Spree":24572
,"Largest_Killing_Spree_Average":1.4129959746981025
,"Largest_Multu_Kill":17268
,"Largest_Multi_Kill_Average":0.9929844738355377
,"Largest_Critical_Strike":2337
,"Total_Crit_Average":15.557274295572167
,"Total_Crit":270541
,"Magic_Damage_Dealt_To_Champion_Average":7650.726049453709
,"Magic_Damage_Dealt_To_Champion":133046126
,"Magic_Damage_Dealt":500071584
,"Magic_Damage_Dealt_Average":28756.272800460036
,"Magic_Damage_Taken":149017648
,"Magic_Damage_Taken_Average":8569.157446808511
,"Minions_Killed":559291
,"Minions_Killed_Average":32.16164462334675
,"Neutral_Minion_Killed":28022
,"Neutral_Minion_Killed_Average":1.6113858539390453
,"Neutral_Minion_Killed_Enemy_Jungle":11427
,"Neutral_Minion_Killed_Enemy_Jungle_Average":0.6571017826336976
,"Pentakills":0
,"Pentakills_Average":0
,"Physical_Damage_Dealt_To_Champion":57013510
,"Physical_Damage_Dealt_To_Champion_Average":3278.522714203565
,"Physical_Damage_Dealt":209360891
,"Physical_Damage_Dealt_Average":12039.15416906268
,"Physical_Damage_Taken":249941763
,"Physical_Damage_Taken_Average":14372.72932719954
,"Total_Damage_Dealt":729950576
,"Total_Damage_Dealt_Average":41975.306267970096
,"Total_Damage_Dealt_To_Champion":193477861
,"Total_Damage_Dealt_To_Champion_Average":11125.811443358252
,"Total_Damage_Taken":411824288
,"Total_Damage_Taken_Average":23681.67268545141
,"Total_Heal":42040928
,"Total_Heal_Average":2417.5346751006327
,"Total_Time_Crowd_Control_Dealt":7013209
,"Total_Time_Crowd_Control_Dealt_Average":403.2897642323174
,"Tower_Kills":5247
,"Tower_Kills_Average":0.30172512938470386
,"True_Damage_Dealt_To_Champion":3409218
,"True_Damage_Dealt_To_Champion_Average":196.04473835537667
,"True_Damage_Dealt":20507154
,"True_Damage_Dealt_Average":1179.2497987349052
,"True_Damage_Taken":12851323
,"True_Damage_Taken_Average":739.006497987349
,"Sight_Wards_Bought":10120
,"Sight_Wards_Bought_Average":0.581943645773433
,"Vision_Wards_Bought":7998
,"Vision_Wards_Bought_Average":0.4599194939620472
,"Total_Wards_Bought":1.04186313973548
,"Wards_Placed":251034
,"Wards_Placed_Average":14.4355376653249
,"Wards_Killed":13509
,"WardsKilled_Average":0.7768257619321449
,"Win":9220
,"Win_Rate":0.5301897642323175
,"lose":8170
,"Lose_Rate":0.46981023576768255




}




"Items" = {

	"one" : {
		"name" : "Sightstone",
		"percentages" : "47.57",
		"win" : "54.45%",
	},
	"two" : {
		"name" : "Talisman of Ascension",
		"percentages" : "37.34%",
		"win" : "57.36%",
	},
	"three" : {
		"name" : "Iceborn Gauntlet",
		"percentages" : "19.76%",
		"win" : "58.77%",
	},
	"four" : {
		"name" : "Frozen Heart",
		"percentages" : "16.62%",
		"win" : "57.00%",
	},
	"five" : {
		"name" : "Trickster’s Glass",
		"percentages" : "14.12%",
		"win" : "59.52%",
	},
	"six" : {
		"name" : "Face of the Mountain",
		"percentages" : "12.63%",
		"win" : "57.00%",
	},
	"seven" : {
		"name" : "Randuin’s Omen",
		"percentages" : "11.40%",
		"win" : "54.43%",
	},
	"eight" : {
		"name" : "Righteous Glory",
		"percentages" : "10.31%",
		"win" : "59.45%",
	},
	"nine" : {
		"name" : "Ruby Sightstone",
		"percentages" : "9.98%",
		"win" : "49.39%",
	},
	"ten" : {
		"name" : "Dead Man’s Plate",
		"percentages" : "9.11%",
		"win" : "60.06%",
	},

}
}