{"champion" = {
	"Pick_Time":2456
,"Ban_Rate":0.001470493890106328
,"Ban_Rate_Game":0.00871
,"Ban_Time":871
,"Pick_Rate":0.02456
,"Assists_Rate":6.730863192182411
,"Assists":16531
,"Death_Rate":7.279315960912052
,"Death":17878
,"Kills_Rate":7.338355048859935
,"Kills":18023
,"KDA":1.9327665286944848
,"Gold_Earned":26641533
,"Gold_Earned_Average":10847.529723127036
,"Gold_Spent":24688897
,"Gold_Spent_Average":10052.482491856677
,"First_Blood_Assist":0
,"First_Blood_Assist_Average":0
,"First_Blood_Kill":354
,"First_Blood_Average":0.14413680781758959
,"First_Inhibitor_Assist":321
,"First_Inhibitor_Assist_Average":0.13070032573289903
,"First_Inhibitor_Kill":111
,"First_Inhibitor_Kill_Average":0.04519543973941368
,"First_Tower_Kill":93
,"First_Tower_Kill_Average":0.037866449511400654
,"First_Tower_Assist":45
,"First_Tower_Assist_Average":0.018322475570032574
,"Largest_Killing_Spree":7140
,"Largest_Killing_Spree_Average":2.907166123778502
,"Largest_Multu_Kill":3696
,"Largest_Multi_Kill_Average":1.504885993485342
,"Largest_Critical_Strike":588
,"Total_Crit_Average":2.074104234527687
,"Total_Crit":5094
,"Magic_Damage_Dealt_To_Champion_Average":18072.535830618894
,"Magic_Damage_Dealt_To_Champion":44386148
,"Magic_Damage_Dealt":237221809
,"Magic_Damage_Dealt_Average":96588.68444625408
,"Magic_Damage_Taken":21703333
,"Magic_Damage_Taken_Average":8836.86197068404
,"Minions_Killed":297147
,"Minions_Killed_Average":120.98819218241043
,"Neutral_Minion_Killed":18543
,"Neutral_Minion_Killed_Average":7.550081433224756
,"Neutral_Minion_Killed_Enemy_Jungle":5192
,"Neutral_Minion_Killed_Enemy_Jungle_Average":2.1140065146579805
,"Pentakills":1
,"Pentakills_Average":0.00040716612377850165
,"Physical_Damage_Dealt_To_Champion":2780194
,"Physical_Damage_Dealt_To_Champion_Average":1132.0008143322475
,"Physical_Damage_Dealt":35717166
,"Physical_Damage_Dealt_Average":14542.82003257329
,"Physical_Damage_Taken":27756076
,"Physical_Damage_Taken_Average":11301.333876221499
,"Total_Damage_Dealt":274736525
,"Total_Damage_Dealt_Average":111863.40594462541
,"Total_Damage_Dealt_To_Champion":48387492
,"Total_Damage_Dealt_To_Champion_Average":19701.74755700326
,"Total_Damage_Taken":51200529
,"Total_Damage_Taken_Average":20847.12092833876
,"Total_Heal":8935029
,"Total_Heal_Average":3638.0411237785015
,"Total_Time_Crowd_Control_Dealt":8182403
,"Total_Time_Crowd_Control_Dealt_Average":3331.597312703583
,"Tower_Kills":1338
,"Tower_Kills_Average":0.5447882736156352
,"True_Damage_Dealt_To_Champion":1219820
,"True_Damage_Dealt_To_Champion_Average":496.66938110749186
,"True_Damage_Dealt":1796188
,"True_Damage_Dealt_Average":731.3469055374593
,"True_Damage_Taken":1739570
,"True_Damage_Taken_Average":708.2939739413681
,"Sight_Wards_Bought":947
,"Sight_Wards_Bought_Average":0.38558631921824105
,"Vision_Wards_Bought":604
,"Vision_Wards_Bought_Average":0.24592833876221498
,"Total_Wards_Bought":0.631514657980456
,"Wards_Placed":15768
,"Wards_Placed_Average":6.420195439739413
,"Wards_Killed":797
,"WardsKilled_Average":0.3245114006514658
,"Win":1151
,"Win_Rate":0.46864820846905536
,"lose":1305
,"Lose_Rate":0.5313517915309446

	
	
}




"Items" = {

	"one" : {
		"name" : "Seraph’s Embrace",
		"percentages" : "47.51%",
		"win" : "53.04%",
	},
	"two" : {
		"name" : "Luden’s Echo",
		"percentages" : "39.65%",
		"win" : "51.33%",
	},
	"three" : {
		"name" : "Rabadon’s Deathcap",
		"percentages" : "23.28%",
		"win" : "58.71%",
	},
	"four" : {
		"name" : "Zhonya’s Hourglass",
		"percentages" : "18,68%",
		"win" : "54.68%",
	},
	"five" : {
		"name" : "Rylai’s Crystal Scepter",
		"percentages" : "17.91%",
		"win" : "57.27%",
	},
	"six" : {
		"name" : "Rod of Ages",
		"percentages" : "14.16%",
		"win" : "55.74%",
	},
	"seven" : {
		"name" : "Netherstride Grimoire",
		"percentages" : "10.34%",
		"win" : "57.08%",
	},
	"eight" : {
		"name" : "Archangel’s Staff",
		"percentages" : "10.09%",
		"win" : "47.98%",
	},
	"nine" : {
		"name" : "Pox Arcana",
		"percentages" : "10.09%",
		"win" : "56.45%",
	},
	"ten" : {
		"name" : "Void Staff",
		"percentages" : "7.89%",
		"win" : "59.79%",
	},

}
}