{"champion" : {
	"Pick_Time":16911
,"Ban_Rate":0.021711310478492972
,"Ban_Rate_Game":0.1286
,"Ban_Time":12860
,"Pick_Rate":0.16911
,"Assists_Rate":5.406185323162439
,"Assists":91424
,"Death_Rate":7.190408609780616
,"Death":121597
,"Kills_Rate":8.219620365442612
,"Kills":139002
,"KDA":1.8949974094755626
,"Gold_Earned":187282394
,"Gold_Earned_Average":11074.590148424102
,"Gold_Spent":174088375
,"Gold_Spent_Average":10294.386789663533
,"First_Blood_Assist":0
,"First_Blood_Assist_Average":0
,"First_Blood_Kill":2837
,"First_Blood_Average":0.1677606291762758
,"First_Inhibitor_Assist":2020
,"First_Inhibitor_Assist_Average":0.11944887942759151
,"First_Inhibitor_Kill":1181
,"First_Inhibitor_Kill_Average":0.06983620128910177
,"First_Tower_Kill":2257
,"First_Tower_Kill_Average":0.13346342617231388
,"First_Tower_Assist":404
,"First_Tower_Assist_Average":0.023889775885518303
,"Largest_Killing_Spree":55809
,"Largest_Killing_Spree_Average":3.3001596593932945
,"Largest_Multu_Kill":26063
,"Largest_Multi_Kill_Average":1.541186210159068
,"Largest_Critical_Strike":2465
,"Total_Crit_Average":186.43078469635148
,"Total_Crit":3152731
,"Magic_Damage_Dealt_To_Champion_Average":3031.5037549523977
,"Magic_Damage_Dealt_To_Champion":51265760
,"Magic_Damage_Dealt":256920003
,"Magic_Damage_Dealt_Average":15192.478445981906
,"Magic_Damage_Taken":157755080
,"Magic_Damage_Taken_Average":9328.548282183194
,"Minions_Killed":2148544
,"Minions_Killed_Average":127.05008574300751
,"Neutral_Minion_Killed":137807
,"Neutral_Minion_Killed_Average":8.148956300632724
,"Neutral_Minion_Killed_Enemy_Jungle":52176
,"Neutral_Minion_Killed_Enemy_Jungle_Average":3.085329075749512
,"Pentakills":33
,"Pentakills_Average":0.001951392584708178
,"Physical_Damage_Dealt_To_Champion":194754239
,"Physical_Damage_Dealt_To_Champion_Average":11516.423570457098
,"Physical_Damage_Dealt":1670886192
,"Physical_Damage_Dealt_Average":98804.69469576016
,"Physical_Damage_Taken":315924946
,"Physical_Damage_Taken_Average":18681.624149961564
,"Total_Damage_Dealt":2027696062
,"Total_Damage_Dealt_Average":119903.97149784165
,"Total_Damage_Dealt_To_Champion":312090970
,"Total_Damage_Dealt_To_Champion_Average":18454.909230678255
,"Total_Damage_Taken":493538644
,"Total_Damage_Taken_Average":29184.474247531194
,"Total_Heal":37446853
,"Total_Heal_Average":2214.3488262077935
,"Total_Time_Crowd_Control_Dealt":8229294
,"Total_Time_Crowd_Control_Dealt_Average":486.62373602980307
,"Tower_Kills":17781
,"Tower_Kills_Average":1.051445804505943
,"True_Damage_Dealt_To_Champion":66054352
,"True_Damage_Dealt_To_Champion_Average":3905.999172136479
,"True_Damage_Dealt":99872742
,"True_Damage_Dealt_Average":5905.785701614333
,"True_Damage_Taken":19847587
,"True_Damage_Taken_Average":1173.6495180651648
,"sight_Wards_Bought":3397
,"sight_Wards_Bought_Average":0.20087517000768731
,"Vision_Wards_Bought":2321
,"Vision_Wards_Bought_Average":0.1372479451244752
,"Total_Wards_Bought":0.3381231151321625
,"Wards_Placed":95509
,"Wards_Placed_Average":5.64774407190586
,"Wards_Killed":4062
,"WardsKilled_Average":0.24019868724498847
,"Win":8413
,"Win_Rate":0.4974868428833304
,"lose":8498
,"Lose_Rate":0.5025131571166697

}




"Items" : {

	"one" : {
		"name" : "Ravenous Hydra",
		"percentages" : "58.10%",
		"win" : "54.43%",
	},
	"two" : {
		"name" : 'sunfire Cape",
		"percentages" : "40.60%",
		"win" : "53.07%",
	},
	"three" : {
		"name" : "Randuin’s Omen",
		"percentages" : "20.59%",
		"win" : "53.38%",
	},
	"four" : {
		"name" : "Flesheater",
		"percentages" : "16.39%",
		"win" : "51.15%",
	},
	"five" : {
		"name" : "Dead Man’s Plate",
		"percentages" : "13.58%",
		"win" : "55.89%",
	},
	"six" : {
		"name" : "Trinity Force",
		"percentages" : "12.70%",
		"win" : "61.42%",
	},
	"seven" : {
		"name" : "The Black Cleaver",
		"percentages" : "11.18%",
		"win" : "55.70%",
	},
	"eight" : {
		"name" : "Ruby Sightstone",
		"percentages" : "9.10%",
		"win" : "43.31%",
	},
	"nine" : {
		"name" : "Thornmail",
		"percentages" : "8.81%",
		"win" : "49.32%",
	},
	"ten" : {
		"name" : "Banshee’s Veil",
		"percentages" : "8.56%",
		"win" : "52.44%",
	},

}


}