{"champion" = {
"Pick_Time":6584
,"Ban_Rate":0.005172896991143271
,"Ban_Rate_Game":0.03064
,"Ban_Time":3064
,"Pick_Rate":0.06584
,"Assists_Rate":6.574878493317132
,"Assists":43289
,"Death_Rate":6.917831105710814
,"Death":45547
,"Kills_Rate":8.016251518833537
,"Kills":52779
,"KDA":2.1092058752497422
,"Gold_Earned":81594639
,"Gold_Earned_Average":12392.867405832321
,"Gold_Spent":74751139
,"Gold_Spent_Average":11353.453675577157
,"First_Blood_Assist":0
,"First_Blood_Assist_Average":0
,"First_Blood_Kill":754
,"First_Blood_Average":0.11452004860267315
,"First_Inhibitor_Assist":771
,"First_Inhibitor_Assist_Average":0.11710206561360875
,"First_Inhibitor_Kill":716
,"First_Inhibitor_Kill_Average":0.10874848116646416
,"First_Tower_Kill":720
,"First_Tower_Kill_Average":0.10935601458080195
,"First_Tower_Assist":318
,"First_Tower_Assist_Average":0.04829890643985419
,"Largest_Killing_Spree":22032
,"Largest_Killing_Spree_Average":3.3462940461725394
,"Largest_Multu_Kill":10492
,"Largest_Multi_Kill_Average":1.5935601458080195
,"Largest_Critical_Strike":2686
,"Total_Crit_Average":950.4983292831106
,"Total_Crit":6258081
,"Magic_Damage_Dealt_To_Champion_Average":516.3023997569867
,"Magic_Damage_Dealt_To_Champion":3399335
,"Magic_Damage_Dealt":29651460
,"Magic_Damage_Dealt_Average":4503.563183475091
,"Magic_Damage_Taken":49260200
,"Magic_Damage_Taken_Average":7481.8043742405835
,"Minions_Killed":948181
,"Minions_Killed_Average":144.01291008505467
,"Neutral_Minion_Killed":59455
,"Neutral_Minion_Killed_Average":9.030224787363306
,"Neutral_Minion_Killed_Enemy_Jungle":20593
,"Neutral_Minion_Killed_Enemy_Jungle_Average":3.12773390036452
,"Pentakills":33
,"Pentakills_Average":0.005012150668286756
,"Physical_Damage_Dealt_To_Champion":128411212
,"Physical_Damage_Dealt_To_Champion_Average":19503.525516403402
,"Physical_Damage_Dealt":895707885
,"Physical_Damage_Dealt_Average":136043.1174058323
,"Physical_Damage_Taken":87194989
,"Physical_Damage_Taken_Average":13243.46734507898
,"Total_Damage_Dealt":928628473
,"Total_Damage_Dealt_Average":141043.20671324423
,"Total_Damage_Dealt_To_Champion":133267826
,"Total_Damage_Dealt_To_Champion_Average":20241.164337788578
,"Total_Damage_Taken":140621216
,"Total_Damage_Taken_Average":21358.021871202916
,"Total_Heal":11841104
,"Total_Heal_Average":1798.4665856622114
,"Total_Time_Crowd_Control_Dealt":1973340
,"Total_Time_Crowd_Control_Dealt_Average":299.7174969623329
,"Tower_Kills":8066
,"Tower_Kills_Average":1.2250911300121508
,"True_Damage_Dealt_To_Champion":1455490
,"True_Damage_Dealt_To_Champion_Average":221.06470230862698
,"True_Damage_Dealt":3267298
,"True_Damage_Dealt_Average":496.24817739975697
,"True_Damage_Taken":4161706
,"True_Damage_Taken_Average":632.0938639125152
,"Sight_Wards_Bought":546
,"Sight_Wards_Bought_Average":0.08292831105710814
,"Vision_Wards_Bought":655
,"Vision_Wards_Bought_Average":0.09948359659781288
,"Total_Wards_Bought":0.18241190765492102
,"Wards_Placed":31243
,"Wards_Placed_Average":4.745291616038882
,"Wards_Killed":2142
,"WardsKilled_Average":0.3253341433778858
,"Win":3217
,"Win_Rate":0.4886087484811665
,"lose":3367
,"Lose_Rate":0.5113912515188336

}

"Items" = {

	"one" : {
		"name" : "Infinity Edge",
		"percentages" : '77.53%',
		"win" : '54.04%',
	},
	"two" : {
		"name" : "The Bloodthirster",
		"percentages" : '54.19%',
		"win" : '56.44%',
	},
	"three" : {
		"name" : "Statikk Shiv",
		"percentages" : '35.76%',
		"win" : '54.69%',
	},
	"four" : {
		"name" : "Last Whisper",
		"percentages" : '26.64%',
		"win" : '59.46%',
	},
	"five" : {
		"name" : "Phantom Dancer",
		"percentages" : '19.28%',
		"win" : '59.21%',
	},
	"six" : {
		"name" : "Mirage Blade",
		"percentages" : '16.03%',
		"win" : '55.11%',
	},
	"seven" : {
		"name" : "Youmuu’s Ghostblade",
		"percentages" : '8.73%',
		"win" : '59.65%',
	},
	"eight" : {
		"name" : "Typhoon Claws",
		"percentages" : '7.45%',
		"win" : '47.25%',
	},
	"nine" : {
		"name" : "Guardian Angel",
		"percentages" : '3.67%',
		"win" : '57.43%',
	},
	"ten" : {
		"name" : "Flesheater",
		"percentages" : '2.79%',
		"win" : '47.82%',
	},

}








}