{"champion" : {
	"Pick_Time":2714
,"Ban_Rate":0.0008492060008306349
,"Ban_Rate_Game":0.00503
,"Ban_Time":503
,"Pick_Rate":0.02714
,"Assists_Rate":7.497052321296978
,"Assists":20347
,"Death_Rate":5.807663964627856
,"Death":15762
,"Kills_Rate":4.766028002947679
,"Kills":12935
,"KDA":2.111534069280548
,"Gold_Earned":27271148
,"Gold_Earned_Average":10048.32277081798
,"Gold_Spent":25016939
,"Gold_Spent_Average":9217.737288135593
,"First_Blood_Assist":0
,"First_Blood_Assist_Average":0
,"First_Blood_Kill":225
,"First_Blood_Average":0.08290346352247605
,"First_Inhibitor_Assist":395
,"First_Inhibitor_Assist_Average":0.14554163596168018
,"First_Inhibitor_Kill":116
,"First_Inhibitor_Kill_Average":0.04274134119380987
,"First_Tower_Kill":200
,"First_Tower_Kill_Average":0.07369196757553427
,"First_Tower_Assist":80
,"First_Tower_Assist_Average":0.029476787030213707
,"Largest_Killing_Spree":6138
,"Largest_Killing_Spree_Average":2.2616064848931465
,"Largest_Multu_Kill":3317
,"Largest_Multi_Kill_Average":1.2221812822402358
,"Largest_Critical_Strike":1341
,"Total_Crit_Average":16.747236551215916
,"Total_Crit":45452
,"Magic_Damage_Dealt_To_Champion_Average":12560.596168017686
,"Magic_Damage_Dealt_To_Champion":34089458
,"Magic_Damage_Dealt":192185681
,"Magic_Damage_Dealt_Average":70812.70486366986
,"Magic_Damage_Taken":29755118
,"Magic_Damage_Taken_Average":10963.56595431098
,"Minions_Killed":295122
,"Minions_Killed_Average":108.74060427413411
,"Neutral_Minion_Killed":27689
,"Neutral_Minion_Killed_Average":10.202284450994842
,"Neutral_Minion_Killed_Enemy_Jungle":7267
,"Neutral_Minion_Killed_Enemy_Jungle_Average":2.6775976418570377
,"Pentakills":2
,"Pentakills_Average":0.0007369196757553427
,"Physical_Damage_Dealt_To_Champion":9503046
,"Physical_Damage_Dealt_To_Champion_Average":3501.490788504053
,"Physical_Damage_Dealt":80670313
,"Physical_Damage_Dealt_Average":29723.770449521002
,"Physical_Damage_Taken":60196028
,"Physical_Damage_Taken_Average":22179.818717759765
,"Total_Damage_Dealt":279428296
,"Total_Damage_Dealt_Average":102958.10464259396
,"Total_Damage_Dealt_To_Champion":44550607
,"Total_Damage_Dealt_To_Champion_Average":16415.10943257185
,"Total_Damage_Taken":93974464
,"Total_Damage_Taken_Average":34625.81577008106
,"Total_Heal":24568771
,"Total_Heal_Average":9052.605379513632
,"Total_Time_Crowd_Control_Dealt":1875811
,"Total_Time_Crowd_Control_Dealt_Average":691.1610169491526
,"Tower_Kills":2078
,"Tower_Kills_Average":0.765659543109801
,"True_Damage_Dealt_To_Champion":956654
,"True_Damage_Dealt_To_Champion_Average":352.4885777450258
,"True_Damage_Dealt":6570783
,"True_Damage_Dealt_Average":2421.0696389093587
,"True_Damage_Taken":4021532
,"True_Damage_Taken_Average":1481.7730287398674
,"sight_Wards_Bought":771
,"sight_Wards_Bought_Average":0.2840825350036846
,"Vision_Wards_Bought":492
,"Vision_Wards_Bought_Average":0.1812822402358143
,"Total_Wards_Bought":0.4653647752394989
,"Wards_Placed":16283
,"Wards_Placed_Average":5.999631540162122
,"Wards_Killed":863
,"WardsKilled_Average":0.31798084008843036
,"Win":1252
,"Win_Rate":0.4613117170228445
,"lose":1462
,"Lose_Rate":0.5386882829771555

	
	
}


"Items" : {

	"one" : {
		"name" : "spirit Visage",
		"percentages" : "55.19%",
		"win" : "50.26%",
	},
	"two" : {
		"name" : 'sunfire Cape",
		"percentages" : "48.93%",
		"win" : "50.22%",
	},
	"three" : {
		"name" : "Warmog’s Armor",
		"percentages" : "41.04%",
		"win" : "52.69%",
	},
	"four" : {
		"name" : "Thornmail",
		"percentages" : "24.24%",
		"win" : "50.60%",
	},
	"five" : {
		"name" : "Dead Man’s Plate",
		"percentages" : "18.64%",
		"win" : "52.76%",
	},
	"six" : {
		"name" : "Randuin’s Omen",
		"percentages" : "15.10%",
		"win" : "53.17%",
	},
	"seven" : {
		"name" : "Ruby Sightstone",
		"percentages" : "14.81%",
		"win" : "43.78%",
	},
	"eight" : {
		"name" : "Martyr’s Gambit",
		"percentages" : "12.89%",
		"win" : "52.28%",
	},
	"nine" : {
		"name" : "Banshee’s Veil",
		"percentages" : "5.23%",
		"win" : "48.59%",
	},
	"ten" : {
		"name" : "Frozen Mallet",
		"percentages" : "4.86%",
		"win" : "57.57%",
	},

}






}