{"champion" : {
	"Pick_Time":11427
,"Ban_Rate":0.03024220097987905
,"Ban_Rate_Game":0.17913
,"Ban_Time":17913
,"Pick_Rate":0.11427
,"Assists_Rate":6.771506082086287
,"Assists":77378
,"Death_Rate":7.1316180974884045
,"Death":81493
,"Kills_Rate":7.704034304716899
,"Kills":88034
,"KDA":2.029769428049035
,"Gold_Earned":124078392
,"Gold_Earned_Average":10858.352323444473
,"Gold_Spent":115248260
,"Gold_Spent_Average":10085.60952130918
,"First_Blood_Assist":0
,"First_Blood_Assist_Average":0
,"First_Blood_Kill":1473
,"First_Blood_Average":0.1289052244683644
,"First_Inhibitor_Assist":1318
,"First_Inhibitor_Assist_Average":0.11534085936816313
,"First_Inhibitor_Kill":551
,"First_Inhibitor_Kill_Average":0.04821913013039293
,"First_Tower_Kill":706
,"First_Tower_Kill_Average":0.061783495230594204
,"First_Tower_Assist":307
,"First_Tower_Assist_Average":0.026866194101688983
,"Largest_Killing_Spree":36648
,"Largest_Killing_Spree_Average":3.207140981885009
,"Largest_Multu_Kill":17113
,"Largest_Multi_Kill_Average":1.4975934190951257
,"Largest_Critical_Strike":1327
,"Total_Crit_Average":12.993086549400543
,"Total_Crit":148472
,"Magic_Damage_Dealt_To_Champion_Average":14324.090312417957
,"Magic_Damage_Dealt_To_Champion":163681380
,"Magic_Damage_Dealt":1079119030
,"Magic_Damage_Dealt_Average":94435.90006125842
,"Magic_Damage_Taken":97574385
,"Magic_Damage_Taken_Average":8538.932790758729
,"Minions_Killed":1156629
,"Minions_Killed_Average":101.21895510632712
,"Neutral_Minion_Killed":178615
,"Neutral_Minion_Killed_Average":15.630961757241622
,"Neutral_Minion_Killed_Enemy_Jungle":36131
,"Neutral_Minion_Killed_Enemy_Jungle_Average":3.16189726087337
,"Pentakills":14
,"Pentakills_Average":0.0012251684606633412
,"Physical_Damage_Dealt_To_Champion":28926559
,"Physical_Damage_Dealt_To_Champion_Average":2531.4219830226657
,"Physical_Damage_Dealt":215854253
,"Physical_Damage_Dealt_Average":18889.84449111753
,"Physical_Damage_Taken":182960822
,"Physical_Damage_Taken_Average":16011.273475102827
,"Total_Damage_Dealt":1341203247
,"Total_Damage_Dealt_Average":117371.42268311893
,"Total_Damage_Dealt_To_Champion":199598931
,"Total_Damage_Dealt_To_Champion_Average":17467.30821737989
,"Total_Damage_Taken":290069660
,"Total_Damage_Taken_Average":25384.585630524198
,"Total_Heal":42454960
,"Total_Heal_Average":3715.319856480266
,"Total_Time_Crowd_Control_Dealt":8925708
,"Total_Time_Crowd_Control_Dealt_Average":781.1068521921765
,"Tower_Kills":7647
,"Tower_Kills_Average":0.6692045156208979
,"True_Damage_Dealt_To_Champion":6984733
,"True_Damage_Dealt_To_Champion_Average":611.2481841253173
,"True_Damage_Dealt":46223474
,"True_Damage_Dealt_Average":4045.110177649427
,"True_Damage_Taken":9526976
,"True_Damage_Taken_Average":833.725037192614
,"sight_Wards_Bought":3507
,"sight_Wards_Bought_Average":0.306904699396167
,"Vision_Wards_Bought":2321
,"Vision_Wards_Bought_Average":0.20311542837140106
,"Total_Wards_Bought":0.510020127767568
,"Wards_Placed":66613
,"Wards_Placed_Average":5.829439047869082
,"Wards_Killed":4401
,"WardsKilled_Average":0.3851404568128118
,"Win":5554
,"Win_Rate":0.48604183075172835
,"lose":5873
,"Lose_Rate":0.5139581692482716

}


"Items" : {

	"one" : {
		"name" : "Luden’s Echo",
		"percentages" : "52.18%",
		"win" : "53.99%",
	},
	"two" : {
		"name" : "Lich Bane",
		"percentages" :"44.38%" ,
		"win" : "50.72%",
	},
	"three" : {
		"name" : "Zhonya’s Hourglass",
		"percentages" : "24.02%",
		"win" : "54.79%",
	},
	"four" : {
		"name" : "Rabadon’s Deathcap",
		"percentages" : "23.12%",
		"win" : "57.88%",
	},
	"five" : {
		"name" : "Netherstride Grimoire",
		"percentages" : "12.72%",
		"win" : "53.78%",
	},
	"six" : {
		"name" : "Trickster’s Glass",
		"percentages" : "10.27%",
		"win" : "58.51%",
	},
	"seven" : {
		"name" : "Pox Arcana",
		"percentages" : "8.32%",
		"win" : "52.78%",
	},
	"eight" : {
		"name" : "Abyssal Scepter",
		"percentages" : "7.68%",
		"win" : "53.53%",
	},
	"nine" : {
		"name" : "Void Staff",
		"percentages" : "6.71%",
		"win" : "56.45%",
	},
	"ten" : {
		"name" : "Rite of Ruin",
		"percentages" : "6.01%",
		"win" : "48.76%",
	},

}
}