{"champion" : {
	"Pick_Time":7005
,"Ban_Rate":0.009523600498380937
,"Ban_Rate_Game":0.05641
,"Ban_Time":5641
,"Pick_Rate":0.07005
,"Assists_Rate":6.973447537473233
,"Assists":48849
,"Death_Rate":6.858815132048536
,"Death":48046
,"Kills_Rate":7.741470378301213
,"Kills":54229
,"KDA":2.145402322774008
,"Gold_Earned":79177345
,"Gold_Earned_Average":11302.97573162027
,"Gold_Spent":72577502
,"Gold_Spent_Average":10360.813990007138
,"First_Blood_Assist":0
,"First_Blood_Assist_Average":0
,"First_Blood_Kill":714
,"First_Blood_Average":0.10192719486081371
,"First_Inhibitor_Assist":857
,"First_Inhibitor_Assist_Average":0.12234118486795147
,"First_Inhibitor_Kill":521
,"First_Inhibitor_Kill_Average":0.07437544610992149
,"First_Tower_Kill":221
,"First_Tower_Kill_Average":0.031548893647394716
,"First_Tower_Assist":242
,"First_Tower_Assist_Average":0.03454675231977159
,"Largest_Killing_Spree":22760
,"Largest_Killing_Spree_Average":3.2491077801570305
,"Largest_Multu_Kill":10239
,"Largest_Multi_Kill_Average":1.4616702355460385
,"Largest_Critical_Strike":1492
,"Total_Crit_Average":5.671092077087795
,"Total_Crit":39726
,"Magic_Damage_Dealt_To_Champion_Average":15352.72034261242
,"Magic_Damage_Dealt_To_Champion":107545806
,"Magic_Damage_Dealt":659643458
,"Magic_Damage_Dealt_Average":94167.51720199858
,"Magic_Damage_Taken":56500436
,"Magic_Damage_Taken_Average":8065.729621698787
,"Minions_Killed":348528
,"Minions_Killed_Average":49.754175588865095
,"Neutral_Minion_Killed":354606
,"Neutral_Minion_Killed_Average":50.62184154175589
,"Neutral_Minion_Killed_Enemy_Jungle":63462
,"Neutral_Minion_Killed_Enemy_Jungle_Average":9.059528907922912
,"Pentakills":6
,"Pentakills_Average":0.0008565310492505353
,"Physical_Damage_Dealt_To_Champion":11104426
,"Physical_Damage_Dealt_To_Champion_Average":1585.2142755174875
,"Physical_Damage_Dealt":149286281
,"Physical_Damage_Dealt_Average":21311.38915060671
,"Physical_Damage_Taken":118990871
,"Physical_Damage_Taken_Average":16986.562598144184
,"Total_Damage_Dealt":874846217
,"Total_Damage_Dealt_Average":124888.82469664526
,"Total_Damage_Dealt_To_Champion":122863920
,"Total_Damage_Dealt_To_Champion_Average":17539.46038543897
,"Total_Damage_Taken":180821853
,"Total_Damage_Taken_Average":25813.255246252676
,"Total_Heal":31391660
,"Total_Heal_Average":4481.321912919343
,"Total_Time_Crowd_Control_Dealt":4215511
,"Total_Time_Crowd_Control_Dealt_Average":601.7860099928622
,"Tower_Kills":3662
,"Tower_Kills_Average":0.5227694503925767
,"True_Damage_Dealt_To_Champion":4209779
,"True_Damage_Dealt_To_Champion_Average":600.9677373304783
,"True_Damage_Dealt":65912024
,"True_Damage_Dealt_Average":9409.282512491078
,"True_Damage_Taken":5326098
,"True_Damage_Taken_Average":760.3280513918629
,"sight_Wards_Bought":3373
,"sight_Wards_Bought_Average":0.48151320485367594
,"Vision_Wards_Bought":2748
,"Vision_Wards_Bought_Average":0.3922912205567452
,"Total_Wards_Bought":0.8738044254104211
,"Wards_Placed":42266
,"Wards_Placed_Average":6.033690221270521
,"Wards_Killed":5999
,"WardsKilled_Average":0.8563882940756602
,"Win":3556
,"Win_Rate":0.5076374018558173
,"lose":3449
,"Lose_Rate":0.4923625981441827

	
}





"Items" : {

	"one" : {
		"name" : "Liandry’s Torment",
		"percentages" : "46.89%",
		"win" : "55.43%",
	},
	"two" : {
		"name" : "Rylai’s Crystal Scepter",
		"percentages" :"27.75%" ,
		"win" : "58.23%",
	},
	"three" : {
		"name" : "Trickster’s Glass",
		"percentages" : "22.32%",
		"win" : "56.07%",
	},
	"four" : {
		"name" : "Abyssal Scepter",
		"percentages" : "21.24%",
		"win" : "57.19%",
	},
	"five" : {
		"name" : "Frozen Heart",
		"percentages" : "12.74%",
		"win" : "54.19%",
	},
	"six" : {
		"name" : 'sunfire Cape",
		"percentages" : "9.35%",
		"win" : "54.50%",
	},
	"seven" : {
		"name" : "Void Staff",
		"percentages" : "8.80%",
		"win" : "63.04%",
	},
	"eight" : {
		"name" : "Ruby Sightstone",
		"percentages" : "7.13%",
		"win" : "41.60%",
	},
	"nine" : {
		"name" : "Zhonya’s Hourglass",
		"percentages" : "6.76%",
		"win" : "56.54%",
	},
	"ten" : {
		"name" : "Rabadon’s Deathcap",
		"percentages" : "6.52%",
		"win" : "62.80%",
	},

}
}