{"champion" : {
	"Pick_Time":5032
,"Ban_Rate":0.009660351365313902
,"Ban_Rate_Game":0.05722
,"Ban_Time":5722
,"Pick_Rate":0.05032
,"Assists_Rate":7.342408585055644
,"Assists":36947
,"Death_Rate":6.902225755166931
,"Death":34732
,"Kills_Rate":6.90818759936407
,"Kills":34762
,"KDA":2.064637797996084
,"Gold_Earned":55014273
,"Gold_Earned_Average":10932.884141494436
,"Gold_Spent":51058554
,"Gold_Spent_Average":10146.77146263911
,"First_Blood_Assist":0
,"First_Blood_Assist_Average":0
,"First_Blood_Kill":475
,"First_Blood_Average":0.09439586645468999
,"First_Inhibitor_Assist":494
,"First_Inhibitor_Assist_Average":0.09817170111287758
,"First_Inhibitor_Kill":179
,"First_Inhibitor_Kill_Average":0.03557233704292528
,"First_Tower_Kill":101
,"First_Tower_Kill_Average":0.02007154213036566
,"First_Tower_Assist":95
,"First_Tower_Assist_Average":0.018879173290938
,"Largest_Killing_Spree":14730
,"Largest_Killing_Spree_Average":2.9272655007949124
,"Largest_Multu_Kill":7006
,"Largest_Multi_Kill_Average":1.3922893481717011
,"Largest_Critical_Strike":1923
,"Total_Crit_Average":62.68700317965024
,"Total_Crit":315441
,"Magic_Damage_Dealt_To_Champion_Average":8378.455087440381
,"Magic_Damage_Dealt_To_Champion":42160386
,"Magic_Damage_Dealt":333950858
,"Magic_Damage_Dealt_Average":66365.43282988871
,"Magic_Damage_Taken":35364387
,"Magic_Damage_Taken_Average":7027.898847376789
,"Minions_Killed":212309
,"Minions_Killed_Average":42.19177265500795
,"Neutral_Minion_Killed":264022
,"Neutral_Minion_Killed_Average":52.46860095389507
,"Neutral_Minion_Killed_Enemy_Jungle":48353
,"Neutral_Minion_Killed_Enemy_Jungle_Average":9.609101748807632
,"Pentakills":2
,"Pentakills_Average":0.000397456279809221
,"Physical_Damage_Dealt_To_Champion":28547578
,"Physical_Damage_Dealt_To_Champion_Average":5673.20707472178
,"Physical_Damage_Dealt":224757974
,"Physical_Damage_Dealt_Average":44665.73410174881
,"Physical_Damage_Taken":94615580
,"Physical_Damage_Taken_Average":18802.778219395866
,"Total_Damage_Dealt":611689565
,"Total_Damage_Dealt_Average":121559.92945151034
,"Total_Damage_Dealt_To_Champion":75277527
,"Total_Damage_Dealt_To_Champion_Average":14959.762917329093
,"Total_Damage_Taken":133913127
,"Total_Damage_Taken_Average":26612.306637519872
,"Total_Heal":9705795
,"Total_Heal_Average":1928.814586645469
,"Total_Time_Crowd_Control_Dealt":3167491
,"Total_Time_Crowd_Control_Dealt_Average":629.4695945945946
,"Tower_Kills":1717
,"Tower_Kills_Average":0.34121621621621623
,"True_Damage_Dealt_To_Champion":4566646
,"True_Damage_Dealt_To_Champion_Average":907.52106518283
,"True_Damage_Dealt":52977770
,"True_Damage_Dealt_Average":10528.173688394276
,"True_Damage_Taken":3929738
,"True_Damage_Taken_Average":780.9495230524642
,"sight_Wards_Bought":1845
,"sight_Wards_Bought_Average":0.36665341812400637
,"Vision_Wards_Bought":1607
,"Vision_Wards_Bought_Average":0.31935612082670906
,"Total_Wards_Bought":0.6860095389507154
,"Wards_Placed":30743
,"Wards_Placed_Average":6.109499205087441
,"Wards_Killed":3499
,"WardsKilled_Average":0.6953497615262321
,"Win":2333
,"Win_Rate":0.4636327503974563
,"lose":2699
,"Lose_Rate":0.5363672496025437

}



"Items" : {

	"one" : {
		"name" : "Randuin’s Omen",
		"percentages" : "19.33%",
		"win" : "51.90%",
	},
	"two" : {
		"name" : "Blade of the Ruined King",
		"percentages" :"19.29%" ,
		"win" : "53.86%",
	},
	"three" : {
		"name" : "Hextech Gunblade",
		"percentages" : "15.83%",
		"win" : "54.57%",
	},
	"four" : {
		"name" : "Iceborn Gauntlet",
		"percentages" : "12.67%",
		"win" : "51.25%",
	},
	"five" : {
		"name" : "Rylai’s Crystal Scepter",
		"percentages" : "11.96%",
		"win" : "60.79%",
	},
	"six" : {
		"name" : "Luden’s Echo",
		"percentages" : "10.01%",
		"win" : "56.34%",
	},
	"seven" : {
		"name" : "Trickster’s Glass",
		"percentages" : "7.41%",
		"win" : "50.67%",
	},
	"eight" : {
		"name" : "Ruby Sightstone",
		"percentages" : "7.25%",
		"win" : "41.09%",
	},
	"nine" : {
		"name" : "Liandry’s Torment",
		"percentages" : "7.13%",
		"win" : "58.77%",
	},
	"ten" : {
		"name" : "Trinity Force",
		"percentages" : "6.97%",
		"win" : "60.68%",
	},

}
}