{"champion" = {
	"Pick_Time":3944
,"Ban_Rate":0.001347249281635878
,"Ban_Rate_Game":0.00798
,"Ban_Time":798
,"Pick_Rate":0.03944
,"Assists_Rate":8.193458417849898
,"Assists":32315
,"Death_Rate":7.056541582150102
,"Death":27831
,"Kills_Rate":4.983265720081136
,"Kills":19654
,"KDA":1.8673062412417807
,"Gold_Earned":39819487
,"Gold_Earned_Average":10096.218813387424
,"Gold_Spent":36411070
,"Gold_Spent_Average":9232.015720081135
,"First_Blood_Assist":0
,"First_Blood_Assist_Average":0
,"First_Blood_Kill":203
,"First_Blood_Average":0.051470588235294115
,"First_Inhibitor_Assist":538
,"First_Inhibitor_Assist_Average":0.13640973630831643
,"First_Inhibitor_Kill":116
,"First_Inhibitor_Kill_Average":0.029411764705882353
,"First_Tower_Kill":97
,"First_Tower_Kill_Average":0.024594320486815417
,"First_Tower_Assist":201
,"First_Tower_Assist_Average":0.05096348884381339
,"Largest_Killing_Spree":8282
,"Largest_Killing_Spree_Average":2.099898580121704
,"Largest_Multu_Kill":5287
,"Largest_Multi_Kill_Average":1.3405172413793103
,"Largest_Critical_Strike":738
,"Total_Crit_Average":3.7094320486815415
,"Total_Crit":14630
,"Magic_Damage_Dealt_To_Champion_Average":13937.844574036511
,"Magic_Damage_Dealt_To_Champion":54970859
,"Magic_Damage_Dealt":363970436
,"Magic_Damage_Dealt_Average":92284.59330628804
,"Magic_Damage_Taken":31120753
,"Magic_Damage_Taken_Average":7890.657454361055
,"Minions_Killed":199485
,"Minions_Killed_Average":50.579361054766736
,"Neutral_Minion_Killed":137415
,"Neutral_Minion_Killed_Average":34.84153144016227
,"Neutral_Minion_Killed_Enemy_Jungle":21167
,"Neutral_Minion_Killed_Enemy_Jungle_Average":5.366886409736308
,"Pentakills":2
,"Pentakills_Average":0.0005070993914807302
,"Physical_Damage_Dealt_To_Champion":2242827
,"Physical_Damage_Dealt_To_Champion_Average":568.6681034482758
,"Physical_Damage_Dealt":42392892
,"Physical_Damage_Dealt_Average":10748.704868154158
,"Physical_Damage_Taken":75038538
,"Physical_Damage_Taken_Average":19025.998478701826
,"Total_Damage_Dealt":431451720
,"Total_Damage_Dealt_Average":109394.4523326572
,"Total_Damage_Dealt_To_Champion":58796626
,"Total_Damage_Dealt_To_Champion_Average":14907.866632860041
,"Total_Damage_Taken":108650972
,"Total_Damage_Taken_Average":27548.42089249493
,"Total_Heal":44182310
,"Total_Heal_Average":11202.41125760649
,"Total_Time_Crowd_Control_Dealt":2127282
,"Total_Time_Crowd_Control_Dealt_Average":539.3717038539554
,"Tower_Kills":1394
,"Tower_Kills_Average":0.35344827586206895
,"True_Damage_Dealt_To_Champion":1580849
,"True_Damage_Dealt_To_Champion_Average":400.82378296146044
,"True_Damage_Dealt":25086100
,"True_Damage_Dealt_Average":6360.573022312373
,"True_Damage_Taken":2489210
,"True_Damage_Taken_Average":631.1384381338743
,"Sight_Wards_Bought":2018
,"Sight_Wards_Bought_Average":0.5116632860040567
,"Vision_Wards_Bought":1294
,"Vision_Wards_Bought_Average":0.32809330628803246
,"Total_Wards_Bought":0.8397565922920892
,"Wards_Placed":28880
,"Wards_Placed_Average":7.322515212981744
,"Wards_Killed":2736
,"WardsKilled_Average":0.6937119675456389
,"Win":1855
,"Win_Rate":0.47033468559837727
,"lose":2089
,"Lose_Rate":0.5296653144016227

}







"Items" = {

	"one" : {
		"name" : "Zhonya’s Hourglass",
		"percentages" : "65.82%",
		"win" : "51.11%",
	},
	"two" : {
		"name" : "Rabadon’s Deathcap",
		"percentages" :"22.51%" ,
		"win" : "55.40%",
	},
	"three" : {
		"name" : "Liandry’s Torment",
		"percentages" : "15.66%",
		"win" : "55.33%",
	},
	"four" : {
		"name" : "Rylai’s Crystal Scepter",
		"percentages" : "11.18%",
		"win" : "54.87%",
	},
	"five" : {
		"name" : "Trickster’s Glass",
		"percentages" : "10.82%",
		"win" : "57.14%",
	},
	"six" : {
		"name" : "Pox Arcana",
		"percentages" : "8.72%",
		"win" : "56.68%",
	},
	"seven" : {
		"name" : "Void Staff",
		"percentages" : "8.01%",
		"win" : "58.86%",
	},
	"eight" : {
		"name" : "Netherstride Grimoire",
		"percentages" : "7.27%",
		"win" : "56.09%",
	},
	"nine" : {
		"name" : "Luden’s Echo",
		"percentages" : "6.99%",
		"win" : "58.69%",
	},
	"ten" : {
		"name" : "Abyssal Scepter",
		"percentages" : "6.69%",
		"win" : "57.95%",
	},

}
}