{"champion" = {
	"Pick_Time":8765
,"Ban_Rate":0.023695042190174872
,"Ban_Rate_Game":0.14035
,"Ban_Time":14035
,"Pick_Rate":0.08765
,"Assists_Rate":5.037421563034798
,"Assists":44153
,"Death_Rate":7.490245293782088
,"Death":65652
,"Kills_Rate":8.884084426697092
,"Kills":77869
,"KDA":1.8586181685249497
,"Gold_Earned":101354060
,"Gold_Earned_Average":11563.498003422705
,"Gold_Spent":93160591
,"Gold_Spent_Average":10628.704050199658
,"First_Blood_Assist":0
,"First_Blood_Assist_Average":0
,"First_Blood_Kill":1442
,"First_Blood_Average":0.16451796919566458
,"First_Inhibitor_Assist":833
,"First_Inhibitor_Assist_Average":0.09503707929264119
,"First_Inhibitor_Kill":1112
,"First_Inhibitor_Kill_Average":0.12686822589845978
,"First_Tower_Kill":1349
,"First_Tower_Kill_Average":0.15390758699372503
,"First_Tower_Assist":162
,"First_Tower_Assist_Average":0.018482601254991442
,"Largest_Killing_Spree":31572
,"Largest_Killing_Spree_Average":3.602053622361666
,"Largest_Multu_Kill":14847
,"Largest_Multi_Kill_Average":1.6938961779806048
,"Largest_Critical_Strike":3667
,"Total_Crit_Average":498.98619509412435
,"Total_Crit":4373614
,"Magic_Damage_Dealt_To_Champion_Average":1205.8295493439819
,"Magic_Damage_Dealt_To_Champion":10569096
,"Magic_Damage_Dealt":35166989
,"Magic_Damage_Dealt_Average":4012.2063890473473
,"Magic_Damage_Taken":78466136
,"Magic_Damage_Taken_Average":8952.211751283514
,"Minions_Killed":1123064
,"Minions_Killed_Average":128.13051911009697
,"Neutral_Minion_Killed":130677
,"Neutral_Minion_Killed_Average":14.908956075299487
,"Neutral_Minion_Killed_Enemy_Jungle":44630
,"Neutral_Minion_Killed_Enemy_Jungle_Average":5.091842555618939
,"Pentakills":36
,"Pentakills_Average":0.0041072447233314316
,"Physical_Damage_Dealt_To_Champion":159283902
,"Physical_Damage_Dealt_To_Champion_Average":18172.72127780947
,"Physical_Damage_Dealt":1131370360
,"Physical_Damage_Dealt_Average":129078.19281232174
,"Physical_Damage_Taken":169240599
,"Physical_Damage_Taken_Average":19308.68214489447
,"Total_Damage_Dealt":1210388856
,"Total_Damage_Dealt_Average":138093.4233884769
,"Total_Damage_Dealt_To_Champion":178586486
,"Total_Damage_Dealt_To_Champion_Average":20374.955618938962
,"Total_Damage_Taken":256490886
,"Total_Damage_Taken_Average":29263.078836280663
,"Total_Heal":28553801
,"Total_Heal_Average":3257.706902452938
,"Total_Time_Crowd_Control_Dealt":2904135
,"Total_Time_Crowd_Control_Dealt_Average":331.33314318311466
,"Tower_Kills":13610
,"Tower_Kills_Average":1.5527666856816886
,"True_Damage_Dealt_To_Champion":8728245
,"True_Damage_Dealt_To_Champion_Average":995.8066172276098
,"True_Damage_Dealt":43845708
,"True_Damage_Dealt_Average":5002.362578436965
,"True_Damage_Taken":8778326
,"True_Damage_Taken_Average":1001.5203650884199
,"Sight_Wards_Bought":1384
,"Sight_Wards_Bought_Average":0.15790074158585282
,"Vision_Wards_Bought":925
,"Vision_Wards_Bought_Average":0.10553337136337707
,"Total_Wards_Bought":0.2634341129492299
,"Wards_Placed":49218
,"Wards_Placed_Average":5.6152880775812894
,"Wards_Killed":2471
,"WardsKilled_Average":0.2819167142042213
,"Win":4581
,"Win_Rate":0.5226468910439247
,"lose":4184
,"Lose_Rate":0.4773531089560753

}




"Items" = {

	"one" : {
		"name" : "Ravenous Hydra",
		"percentages" : "82.92%",
		"win" : "55.42%",
	},
	"two" : {
		"name" : "The Bloodthirster",
		"percentages" :"27.88%" ,
		"win" : "61.41%",
	},
	"three" : {
		"name" : "Last Whisper",
		"percentages" : "27.75%",
		"win" : "58.40%",
	},
	"four" : {
		"name" : "Infinity Edge",
		"percentages" : "22.38%",
		"win" : "61.00%",
	},
	"five" : {
		"name" : "Flesheater",
		"percentages" : "21.51%",
		"win" : "54.71%",
	},
	"six" : {
		"name" : "Youmuu’s Ghostblade",
		"percentages" : "16.06%",
		"win" : "57.74%",
	},
	"seven" : {
		"name" : "Typhoon Claws",
		"percentages" : "8.75%",
		"win" : "58.01%",
	},
	"eight" : {
		"name" : "Mirage Blade",
		"percentages" : "7.95%",
		"win" : "57.38%",
	},
	"nine" : {
		"name" : "Blade of the Ruined King",
		"percentages" : "6.76%",
		"win" : "56.99%",
	},
	"ten" : {
		"name" : "The Black Cleaver",
		"percentages" : "4.26%",
		"win" : "61.22%",
	},

}
}