{"champion" = {
	"Pick_Time":15258
,"Ban_Rate":0.03547249956948801
,"Ban_Rate_Game":0.21011
,"Ban_Time":21011
,"Pick_Rate":0.15258
,"Assists_Rate":5.616266876392712
,"Assists":85693
,"Death_Rate":7.268383798662996
,"Death":110901
,"Kills_Rate":9.584021496919648
,"Kills":146233
,"KDA":2.091288626793266
,"Gold_Earned":167394670
,"Gold_Earned_Average":10970.94442259798
,"Gold_Spent":156183278
,"Gold_Spent_Average":10236.156639140123
,"First_Blood_Assist":0
,"First_Blood_Assist_Average":0
,"First_Blood_Kill":2022
,"First_Blood_Average":0.13252064490758947
,"First_Inhibitor_Assist":1532
,"First_Inhibitor_Assist_Average":0.10040634421287194
,"First_Inhibitor_Kill":650
,"First_Inhibitor_Kill_Average":0.04260060296238039
,"First_Tower_Kill":556
,"First_Tower_Kill_Average":0.036439900380128454
,"First_Tower_Assist":271
,"First_Tower_Assist_Average":0.017761174465853978
,"Largest_Killing_Spree":57878
,"Largest_Killing_Spree_Average":3.7932887665486956
,"Largest_Multu_Kill":24100
,"Largest_Multi_Kill_Average":1.579499279066719
,"Largest_Critical_Strike":1770
,"Total_Crit_Average":83.78778345785817
,"Total_Crit":1278434
,"Magic_Damage_Dealt_To_Champion_Average":13134.187573731813
,"Magic_Damage_Dealt_To_Champion":200401434
,"Magic_Damage_Dealt":885920878
,"Magic_Damage_Dealt_Average":58062.71319963298
,"Magic_Damage_Taken":125261140
,"Magic_Damage_Taken_Average":8209.538602700222
,"Minions_Killed":1310337
,"Minions_Killed_Average":85.87868659064098
,"Neutral_Minion_Killed":257691
,"Neutral_Minion_Killed_Average":16.888910735351946
,"Neutral_Minion_Killed_Enemy_Jungle":55170
,"Neutral_Minion_Killed_Enemy_Jungle_Average":3.615808100668502
,"Pentakills":31
,"Pentakills_Average":0.00203172106435968
,"Physical_Damage_Dealt_To_Champion":68147386
,"Physical_Damage_Dealt_To_Champion_Average":4466.338052169353
,"Physical_Damage_Dealt":519019182
,"Physical_Damage_Dealt_Average":34016.20015729454
,"Physical_Damage_Taken":217241602
,"Physical_Damage_Taken_Average":14237.88189802071
,"Total_Damage_Dealt":1461754810
,"Total_Damage_Dealt_Average":95802.51736793813
,"Total_Damage_Dealt_To_Champion":279798431
,"Total_Damage_Dealt_To_Champion_Average":18337.818259273823
,"Total_Damage_Taken":355486625
,"Total_Damage_Taken_Average":23298.376261633242
,"Total_Heal":24466523
,"Total_Heal_Average":1603.5209726045352
,"Total_Time_Crowd_Control_Dealt":7346224
,"Total_Time_Crowd_Control_Dealt_Average":481.46703368724604
,"Tower_Kills":8328
,"Tower_Kills_Average":0.5458120330318521
,"True_Damage_Dealt_To_Champion":11241015
,"True_Damage_Dealt_To_Champion_Average":736.7292567833268
,"True_Damage_Dealt":56806103
,"True_Damage_Dealt_Average":3723.0372919124393
,"True_Damage_Taken":12974237
,"True_Damage_Taken_Average":850.3235679643466
,"Sight_Wards_Bought":4120
,"Sight_Wards_Bought_Average":0.27002228339231876
,"Vision_Wards_Bought":2794
,"Vision_Wards_Bought_Average":0.18311705334906278
,"Total_Wards_Bought":0.45313933674138157
,"Wards_Placed":87472
,"Wards_Placed_Average":5.732861449731288
,"Wards_Killed":5826
,"WardsKilled_Average":0.38183248132127406
,"Win":7491
,"Win_Rate":0.4909555642941408
,"lose":7767
,"Lose_Rate":0.5090444357058592

}


"Items" = {

	"one" : {
		"name" : "Lich Bane",
		"percentages" : "51.94%",
		"win" : "51.22%",
	},
	"two" : {
		"name" : "Zhonya’s Hourglass",
		"percentages" :"37.26%" ,
		"win" : "54.15%",
	},
	"three" : {
		"name" : "Rabadon’s Deathcap",
		"percentages" : "22.76%",
		"win" : "56.76%",
	},
	"four" : {
		"name" : "Blade of the Ruined King",
		"percentages" : "14.18%",
		"win" : "57.32%",
	},
	"five" : {
		"name" : "Trinity Force",
		"percentages" : "14.12%",
		"win" : "57.58%",
	},
	"six" : {
		"name" : "Luden’s Echo",
		"percentages" : "11.01%",
		"win" : "58.41%",
	},
	"seven" : {
		"name" : "Trickster’s Glass",
		"percentages" : "10.02%",
		"win" : "60.17%",
	},
	"eight" : {
		"name" : "Void Staff",
		"percentages" : "8.46%",
		"win" : "57.47%",
	},
	"nine" : {
		"name" : "Pox Arcana",
		"percentages" : "7.25%",
		"win" : "52.12%",
	},
	"ten" : {
		"name" : "Netherstride Grimoire",
		"percentages" : "6.78%",
		"win" : "53.95%",
	},

}



}