{"champion" = {
	"Pick_Time":2316
,"Ban_Rate":0.002733329056351487
,"Ban_Rate_Game":0.01619
,"Ban_Time":1619
,"Pick_Rate":0.02316
,"Assists_Rate":10.654145077720207
,"Assists":24675
,"Death_Rate":6.670552677029361
,"Death":15449
,"Kills_Rate":5.740932642487047
,"Kills":13296
,"KDA":2.457828985694867
,"Gold_Earned":24595739
,"Gold_Earned_Average":10619.921848013817
,"Gold_Spent":22858766
,"Gold_Spent_Average":9869.933506044905
,"First_Blood_Assist":0
,"First_Blood_Assist_Average":0
,"First_Blood_Kill":201
,"First_Blood_Average":0.08678756476683938
,"First_Inhibitor_Assist":431
,"First_Inhibitor_Assist_Average":0.18609671848013817
,"First_Inhibitor_Kill":91
,"First_Inhibitor_Kill_Average":0.03929188255613126
,"First_Tower_Kill":121
,"First_Tower_Kill_Average":0.05224525043177893
,"First_Tower_Assist":103
,"First_Tower_Assist_Average":0.04447322970639033
,"Largest_Killing_Spree":5714
,"Largest_Killing_Spree_Average":2.4671848013816926
,"Largest_Multu_Kill":3126
,"Largest_Multi_Kill_Average":1.349740932642487
,"Largest_Critical_Strike":524
,"Total_Crit_Average":4.448618307426598
,"Total_Crit":10303
,"Magic_Damage_Dealt_To_Champion_Average":17642.167098445596
,"Magic_Damage_Dealt_To_Champion":40859259
,"Magic_Damage_Dealt":222789695
,"Magic_Damage_Dealt_Average":96195.89594127807
,"Magic_Damage_Taken":18706595
,"Magic_Damage_Taken_Average":8077.113557858376
,"Minions_Killed":240735
,"Minions_Killed_Average":103.94430051813471
,"Neutral_Minion_Killed":12919
,"Neutral_Minion_Killed_Average":5.578151986183074
,"Neutral_Minion_Killed_Enemy_Jungle":3506
,"Neutral_Minion_Killed_Enemy_Jungle_Average":1.5138169257340242
,"Pentakills":0
,"Pentakills_Average":0
,"Physical_Damage_Dealt_To_Champion":2298794
,"Physical_Damage_Dealt_To_Champion_Average":992.5708117443869
,"Physical_Damage_Dealt":30357627
,"Physical_Damage_Dealt_Average":13107.783678756477
,"Physical_Damage_Taken":40282610
,"Physical_Damage_Taken_Average":17393.182210708117
,"Total_Damage_Dealt":255487283
,"Total_Damage_Dealt_Average":110314.02547495683
,"Total_Damage_Dealt_To_Champion":44160595
,"Total_Damage_Dealt_To_Champion_Average":19067.614421416234
,"Total_Damage_Taken":61673164
,"Total_Damage_Taken_Average":26629.172711571675
,"Total_Heal":15161630
,"Total_Heal_Average":6546.472366148532
,"Total_Time_Crowd_Control_Dealt":1669703
,"Total_Time_Crowd_Control_Dealt_Average":720.9425734024179
,"Tower_Kills":1227
,"Tower_Kills_Average":0.5297927461139896
,"True_Damage_Dealt_To_Champion":1001297
,"True_Damage_Dealt_To_Champion_Average":432.3389464594128
,"True_Damage_Dealt":2338654
,"True_Damage_Dealt_Average":1009.7815198618307
,"True_Damage_Taken":2682440
,"True_Damage_Taken_Average":1158.2210708117443
,"Sight_Wards_Bought":682
,"Sight_Wards_Bought_Average":0.29447322970639034
,"Vision_Wards_Bought":422
,"Vision_Wards_Bought_Average":0.18221070811744386
,"Total_Wards_Bought":0.47668393782383417
,"Wards_Placed":15670
,"Wards_Placed_Average":6.765975820379966
,"Wards_Killed":693
,"WardsKilled_Average":0.29922279792746115
,"Win":1182
,"Win_Rate":0.5103626943005182
,"lose":1134
,"Lose_Rate":0.4896373056994819

}





"Items" = {

	"one" : {
		"name" : "Athene’s Unholy Grail",
		"percentages" : "45.72%",
		"win" : "54.39%",
	},
	"two" : {
		"name" : "Abyssal Scepter",
		"percentages" :"37.43%" ,
		"win" : "56.05%",
	},
	"three" : {
		"name" : "Spirit Visage",
		"percentages" : "20.12%",
		"win" : "53.64%",
	},
	"four" : {
		"name" : "Luden’s Echo",
		"percentages" : "19.34%",
		"win" : "58.25%",
	},
	"five" : {
		"name" : "Zhonya’s Hourglass",
		"percentages" : "18.48%",
		"win" : "54.43%",
	},
	"six" : {
		"name" : "Rabadon’s Deathcap",
		"percentages" : "16.01%",
		"win" : "63.88%",
	},
	"seven" : {
		"name" : "Trickster’s Glass",
		"percentages" : "11.44%",
		"win" : "59.62%",
	},
	"eight" : {
		"name" : "Thornmail",
		"percentages" : "8.11%",
		"win" : "50.00%",
	},
	"nine" : {
		"name" : "Staff of Flowing Water",
		"percentages" : "7.51%",
		"win" : "55.17%",
	},
	"ten" : {
		"name" : "Sightstone",
		"percentages" : "7.25%",
		"win" : "51.78%",
	},

}

}