{"champion" = {
	"Pick_Time":10434
,"Ban_Rate":0.005181338402682343
,"Ban_Rate_Game":0.03069
,"Ban_Time":3069
,"Pick_Rate":0.10434
,"Assists_Rate":5.84186313973548
,"Assists":60954
,"Death_Rate":5.44259152769791
,"Death":56788
,"Kills_Rate":7.018018018018018
,"Kills":73226
,"KDA":2.362823131647531
,"Gold_Earned":110211148
,"Gold_Earned_Average":10562.693885374736
,"Gold_Spent":100848830
,"Gold_Spent_Average":9665.404447000192
,"First_Blood_Assist":0
,"First_Blood_Assist_Average":0
,"First_Blood_Kill":1104
,"First_Blood_Average":0.10580793559516964
,"First_Inhibitor_Assist":1466
,"First_Inhibitor_Assist_Average":0.14050220433199156
,"First_Inhibitor_Kill":606
,"First_Inhibitor_Kill_Average":0.05807935595169638
,"First_Tower_Kill":1193
,"First_Tower_Kill_Average":0.11433774199731647
,"First_Tower_Assist":265
,"First_Tower_Assist_Average":0.025397738163695612
,"Largest_Killing_Spree":35782
,"Largest_Killing_Spree_Average":3.4293655357485147
,"Largest_Multu_Kill":13817
,"Largest_Multi_Kill_Average":1.3242284838029519
,"Largest_Critical_Strike":2056
,"Total_Crit_Average":133.40415947862758
,"Total_Crit":1391939
,"Magic_Damage_Dealt_To_Champion_Average":4952.145006708836
,"Magic_Damage_Dealt_To_Champion":51670681
,"Magic_Damage_Dealt":202171435
,"Magic_Damage_Dealt_Average":19376.21573701361
,"Magic_Damage_Taken":107131775
,"Magic_Damage_Taken_Average":10267.565171554534
,"Minions_Killed":1256465
,"Minions_Killed_Average":120.42026068621813
,"Neutral_Minion_Killed":59936
,"Neutral_Minion_Killed_Average":5.74429748897834
,"Neutral_Minion_Killed_Enemy_Jungle":24259
,"Neutral_Minion_Killed_Enemy_Jungle_Average":2.3249952079739313
,"Pentakills":4
,"Pentakills_Average":0.00038336208548974505
,"Physical_Damage_Dealt_To_Champion":116702899
,"Physical_Damage_Dealt_To_Champion_Average":11184.866685834771
,"Physical_Damage_Dealt":924632543
,"Physical_Damage_Dealt_Average":88617.2649990416
,"Physical_Damage_Taken":233619546
,"Physical_Damage_Taken_Average":22390.219091431856
,"Total_Damage_Dealt":1144560960
,"Total_Damage_Dealt_Average":109695.31914893616
,"Total_Damage_Dealt_To_Champion":173459008
,"Total_Damage_Dealt_To_Champion_Average":16624.401763465594
,"Total_Damage_Taken":355393702
,"Total_Damage_Taken_Average":34061.117692160245
,"Total_Heal":18634240
,"Total_Heal_Average":1785.9152769791067
,"Total_Time_Crowd_Control_Dealt":6155877
,"Total_Time_Crowd_Control_Dealt_Average":589.9824611845888
,"Tower_Kills":10955
,"Tower_Kills_Average":1.0499329116350393
,"True_Damage_Dealt_To_Champion":5079940
,"True_Damage_Dealt_To_Champion_Average":486.8640981406939
,"True_Damage_Dealt":17751008
,"True_Damage_Dealt_Average":1701.2658616062872
,"True_Damage_Taken":14635653
,"True_Damage_Taken_Average":1402.688614146061
,"Sight_Wards_Bought":2185
,"Sight_Wards_Bought_Average":0.20941153919877323
,"Vision_Wards_Bought":1295
,"Vision_Wards_Bought_Average":0.12411347517730496
,"Total_Wards_Bought":0.33352501437607823
,"Wards_Placed":58949
,"Wards_Placed_Average":5.649702894383745
,"Wards_Killed":2574
,"WardsKilled_Average":0.24669350201265094
,"Win":5293
,"Win_Rate":0.5072838796243051
,"lose":5141
,"Lose_Rate":0.49271612037569484

}





"Items" = {

	"one" : {
		"name" : "Sunfire Cape",
		"percentages" : "56.31%",
		"win" : "54.33%",
	},
	"two" : {
		"name" : "The Black Cleaver",
		"percentages" :"38.68%" ,
		"win" : "56.26%",
	},
	"three" : {
		"name" : "Spirit Visage",
		"percentages" : "34.62%",
		"win" : "54.19%",
	},
	"four" : {
		"name" : "Warmog’s Armor",
		"percentages" : "23.81%",
		"win" : "55.05%",
	},
	"five" : {
		"name" : "Dead Man’s Plate",
		"percentages" : "18.31%",
		"win" : "58.50%",
	},
	"six" : {
		"name" : "Randuin’s Omen",
		"percentages" : "16.59%",
		"win" : "51.84%",
	},
	"seven" : {
		"name" : "Thornmail",
		"percentages" : "15.90%",
		"win" : "53.19%",
	},
	"eight" : {
		"name" : "Ruby Sightstone",
		"percentages" : "10.63%",
		"win" : "41.89%",
	},
	"nine" : {
		"name" : "Infinity Edge",
		"percentages" : "8.81%",
		"win" : "57.82%",
	},
	"ten" : {
		"name" : "Martyr’s Gambit",
		"percentages" : "6.74%",
		"win" : "53.69%",
	},

}
}