{"champion" : {
	"Pick_Time":3509
,"Ban_Rate":0.006810530829723223
,"Ban_Rate_Game":0.04034
,"Ban_Time":4034
,"Pick_Rate":0.03509
,"Assists_Rate":8.917070390424623
,"Assists":31290
,"Death_Rate":6.053861499002565
,"Death":21243
,"Kills_Rate":4.810487318324309
,"Kills":16880
,"KDA":2.2675704938097256
,"Gold_Earned":35685672
,"Gold_Earned_Average":10169.755485893416
,"Gold_Spent":32971513
,"Gold_Spent_Average":9396.270447420917
,"First_Blood_Assist":0
,"First_Blood_Assist_Average":0
,"First_Blood_Kill":228
,"First_Blood_Average":0.06497577657452265
,"First_Inhibitor_Assist":494
,"First_Inhibitor_Assist_Average":0.14078084924479908
,"First_Inhibitor_Kill":78
,"First_Inhibitor_Kill_Average":0.022228555143915644
,"First_Tower_Kill":78
,"First_Tower_Kill_Average":0.022228555143915644
,"First_Tower_Assist":117
,"First_Tower_Assist_Average":0.03334283271587347
,"Largest_Killing_Spree":7625
,"Largest_Killing_Spree_Average":2.1729837560558565
,"Largest_Multu_Kill":4142
,"Largest_Multi_Kill_Average":1.1803932744371617
,"Largest_Critical_Strike":1326
,"Total_Crit_Average":421.3006554573953
,"Total_Crit":1478344
,"Magic_Damage_Dealt_To_Champion_Average":11508.145910515817
,"Magic_Damage_Dealt_To_Champion":40382084
,"Magic_Damage_Dealt":267545104
,"Magic_Damage_Dealt_Average":76245.39868908521
,"Magic_Damage_Taken":31685046
,"Magic_Damage_Taken_Average":9029.651182673126
,"Minions_Killed":170027
,"Minions_Killed_Average":48.45454545454545
,"Neutral_Minion_Killed":140293
,"Neutral_Minion_Killed_Average":39.98090624109433
,"Neutral_Minion_Killed_Enemy_Jungle":22358
,"Neutral_Minion_Killed_Enemy_Jungle_Average":6.371615844970077
,"Pentakills":0
,"Pentakills_Average":0
,"Physical_Damage_Dealt_To_Champion":5839608
,"Physical_Damage_Dealt_To_Champion_Average":1664.180108292961
,"Physical_Damage_Dealt":67428866
,"Physical_Damage_Dealt_Average":19215.977771444857
,"Physical_Damage_Taken":73386526
,"Physical_Damage_Taken_Average":20913.800512966656
,"Total_Damage_Dealt":369756144
,"Total_Damage_Dealt_Average":105373.65175263608
,"Total_Damage_Dealt_To_Champion":48198668
,"Total_Damage_Dealt_To_Champion_Average":13735.72755770875
,"Total_Damage_Taken":108695782
,"Total_Damage_Taken_Average":30976.28441151325
,"Total_Heal":25052128
,"Total_Heal_Average":7139.392419492733
,"Total_Time_Crowd_Control_Dealt":2868525
,"Total_Time_Crowd_Control_Dealt_Average":817.4764890282132
,"Tower_Kills":982
,"Tower_Kills_Average":0.2798518096323739
,"True_Damage_Dealt_To_Champion":1975094
,"True_Damage_Dealt_To_Champion_Average":562.8652037617555
,"True_Damage_Dealt":34779977
,"True_Damage_Dealt_Average":9911.649187802794
,"True_Damage_Taken":3621887
,"True_Damage_Taken_Average":1032.1707039042462
,"sight_Wards_Bought":2262
,"sight_Wards_Bought_Average":0.6446280991735537
,"Vision_Wards_Bought":1707
,"Vision_Wards_Bought_Average":0.4864633798803078
,"Total_Wards_Bought":1.1310914790538615
,"Wards_Placed":25335
,"Wards_Placed_Average":7.220005699629524
,"Wards_Killed":3003
,"WardsKilled_Average":0.8557993730407524
,"Win":1595
,"Win_Rate":0.45454545454545453
,"lose":1914
,"Lose_Rate":0.5454545454545454

}



"Items" : {

	"one" : {
		"name" : "spirit Visage",
		"percentages" : "21.20%",
		"win" : "49.05%",
	},
	"two" : {
		"name" : "Rod of Ages",
		"percentages" :"20.17%" ,
		"win" : "43.64%",
	},
	"three" : {
		"name" : 'sunfire Cape",
		"percentages" : "11.99%",
		"win" : "48.45%",
	},
	"four" : {
		"name" : "Dead Man’s Plate",
		"percentages" : "11.51%",
		"win" : "56.18%",
	},
	"five" : {
		"name" : "Randuin’s Omen",
		"percentages" : "10.80%",
		"win" : "48.54%",
	},
	"six" : {
		"name" : "Ruby Sightstone",
		"percentages" : "10.28%",
		"win" : "38.78%",
	},
	"seven" : {
		"name" : "Frozen Heart",
		"percentages" : "10.23%",
		"win" : "52.36%",
	},
	"eight" : {
		"name" : "Zhonya’s Hourglass",
		"percentages" : "10.23%",
		"win" : "53.20%",
	},
	"nine" : {
		"name" : "Trickster’s Glass",
		"percentages" : "10.11%",
		"win" : "54.92%",
	},
	"ten" : {
		"name" : "Rabadon’s Deathcap",
		"percentages" : "9.46%",
		"win" : "55.72%",
	},

}
}