{"champion" : {
	"Pick_Time":4559
,"Ban_Rate":0.006057556920438008
,"Ban_Rate_Game":0.03588
,"Ban_Time":3588
,"Pick_Rate":0.04559
,"Assists_Rate":8.006141697740732
,"Assists":36500
,"Death_Rate":6.207282298749726
,"Death":28299
,"Kills_Rate":6.7087080500109675
,"Kills":30585
,"KDA":2.370578465670165
,"Gold_Earned":51228837
,"Gold_Earned_Average":11236.858302259267
,"Gold_Spent":47648892
,"Gold_Spent_Average":10451.61044088616
,"First_Blood_Assist":0
,"First_Blood_Assist_Average":0
,"First_Blood_Kill":361
,"First_Blood_Average":0.0791840315858741
,"First_Inhibitor_Assist":536
,"First_Inhibitor_Assist_Average":0.11756964246545296
,"First_Inhibitor_Kill":269
,"First_Inhibitor_Kill_Average":0.059004167580609786
,"First_Tower_Kill":200
,"First_Tower_Kill_Average":0.04386926957666155
,"First_Tower_Assist":137
,"First_Tower_Assist_Average":0.030050449660013162
,"Largest_Killing_Spree":13943
,"Largest_Killing_Spree_Average":3.05834612853696
,"Largest_Multu_Kill":6266
,"Largest_Multi_Kill_Average":1.3744242158368063
,"Largest_Critical_Strike":2113
,"Total_Crit_Average":389.6738319806975
,"Total_Crit":1776523
,"Magic_Damage_Dealt_To_Champion_Average":3694.7850405790746
,"Magic_Damage_Dealt_To_Champion":16844525
,"Magic_Damage_Dealt":130498366
,"Magic_Damage_Dealt_Average":28624.33998683922
,"Magic_Damage_Taken":42401143
,"Magic_Damage_Taken_Average":9300.53586312788
,"Minions_Killed":346194
,"Minions_Killed_Average":75.93638955911383
,"Neutral_Minion_Killed":190147
,"Neutral_Minion_Killed_Average":41.70805001096732
,"Neutral_Minion_Killed_Enemy_Jungle":34720
,"Neutral_Minion_Killed_Enemy_Jungle_Average":7.6157051985084445
,"Pentakills":2
,"Pentakills_Average":0.0004386926957666155
,"Physical_Damage_Dealt_To_Champion":50139014
,"Physical_Damage_Dealt_To_Champion_Average":10997.809607370038
,"Physical_Damage_Dealt":425085734
,"Physical_Damage_Dealt_Average":93241.00329019522
,"Physical_Damage_Taken":109358255
,"Physical_Damage_Taken_Average":23987.33384514148
,"Total_Damage_Dealt":591046859
,"Total_Damage_Dealt_Average":129643.96994955034
,"Total_Damage_Dealt_To_Champion":70932035
,"Total_Damage_Dealt_To_Champion_Average":15558.68282518096
,"Total_Damage_Taken":156892283
,"Total_Damage_Taken_Average":34413.74928712437
,"Total_Heal":32061180
,"Total_Heal_Average":7032.502741829348
,"Total_Time_Crowd_Control_Dealt":2910822
,"Total_Time_Crowd_Control_Dealt_Average":638.4781750383856
,"Tower_Kills":3053
,"Tower_Kills_Average":0.6696644000877385
,"True_Damage_Dealt_To_Champion":3945871
,"True_Damage_Dealt_To_Champion_Average":865.5123930686555
,"True_Damage_Dealt":35459937
,"True_Damage_Dealt_Average":7778.007677122176
,"True_Damage_Taken":5129960
,"True_Damage_Taken_Average":1125.2379907874533
,"sight_Wards_Bought":1530
,"sight_Wards_Bought_Average":0.33559991226146085
,"Vision_Wards_Bought":1224
,"Vision_Wards_Bought_Average":0.2684799298091687
,"Total_Wards_Bought":0.6040798420706295
,"Wards_Placed":27471
,"Wards_Placed_Average":6.025663522702347
,"Wards_Killed":2577
,"WardsKilled_Average":0.5652555384952841
,"Win":2252
,"Win_Rate":0.49396797543320903
,"lose":2307
,"Lose_Rate":0.506032024566791

}


"Items" : {

	"one" : {
		"name" : "Trinity Force",
		"percentages" : "57.05%",
		"win" : "56.24%",
	},
	"two" : {
		"name" : "spirit Visage",
		"percentages" :"24.67%" ,
		"win" : "54.84%",
	},
	"three" : {
		"name" : "Randuin’s Omen",
		"percentages" : "19.43%",
		"win" : "53.72%",
	},
	"four" : {
		"name" : "Dead Man’s Plate",
		"percentages" : "17.92%",
		"win" : "57.03%",
	},
	"five" : {
		"name" : "The Black Cleaver",
		"percentages" : "11.80%",
		"win" : "59.29%",
	},
	"six" : {
		"name" : 'sunfire Cape",
		"percentages" : "10.46%",
		"win" : "51.36%",
	},
	"seven" : {
		"name" : "Ruby Sightstone",
		"percentages" : "10.41%",
		"win" : "44.00%",
	},
	"eight" : {
		"name" : "Youmuu’s Ghostblade",
		"percentages" : "10.26%",
		"win" : "61.53%",
	},
	"nine" : {
		"name" : "Frozen Heart",
		"percentages" : "8.77%",
		"win" : "61.75%",
	},
	"ten" : {
		"name" : "Thornmail",
		"percentages" : "7.56%",
		"win" : "52.75%",
	},

}




}