{"champion" : {
	"Pick_Time":11220
,"Ban_Rate":0.011865248059319487
,"Ban_Rate_Game":0.07028
,"Ban_Time":7028
,"Pick_Rate":0.1122
,"Assists_Rate":5.493850267379679
,"Assists":61641
,"Death_Rate":6.981016042780749
,"Death":78327
,"Kills_Rate":7.431907308377896
,"Kills":83386
,"KDA":1.8515582110894073
,"Gold_Earned":129230492
,"Gold_Earned_Average":11517.869162210338
,"Gold_Spent":119123116
,"Gold_Spent_Average":10617.033511586453
,"First_Blood_Assist":0
,"First_Blood_Assist_Average":0
,"First_Blood_Kill":1093
,"First_Blood_Average":0.09741532976827094
,"First_Inhibitor_Assist":1008
,"First_Inhibitor_Assist_Average":0.08983957219251337
,"First_Inhibitor_Kill":1143
,"First_Inhibitor_Kill_Average":0.10187165775401069
,"First_Tower_Kill":963
,"First_Tower_Kill_Average":0.0858288770053476
,"First_Tower_Assist":190
,"First_Tower_Assist_Average":0.01693404634581105
,"Largest_Killing_Spree":34460
,"Largest_Killing_Spree_Average":3.071301247771836
,"Largest_Multu_Kill":16812
,"Largest_Multi_Kill_Average":1.4983957219251336
,"Largest_Critical_Strike":2358
,"Total_Crit_Average":336.1381461675579
,"Total_Crit":3771470
,"Magic_Damage_Dealt_To_Champion_Average":4599.204901960784
,"Magic_Damage_Dealt_To_Champion":51603079
,"Magic_Damage_Dealt":368242171
,"Magic_Damage_Dealt_Average":32820.157843137255
,"Magic_Damage_Taken":90416277
,"Magic_Damage_Taken_Average":8058.491711229946
,"Minions_Killed":1097748
,"Minions_Killed_Average":97.8385026737968
,"Neutral_Minion_Killed":407871
,"Neutral_Minion_Killed_Average":36.352139037433155
,"Neutral_Minion_Killed_Enemy_Jungle":87180
,"Neutral_Minion_Killed_Enemy_Jungle_Average":7.770053475935829
,"Pentakills":33
,"Pentakills_Average":0.0029411764705882353
,"Physical_Damage_Dealt_To_Champion":132750750
,"Physical_Damage_Dealt_To_Champion_Average":11831.617647058823
,"Physical_Damage_Dealt":1119438203
,"Physical_Damage_Dealt_Average":99771.67584670232
,"Physical_Damage_Taken":208591925
,"Physical_Damage_Taken_Average":18591.080659536543
,"Total_Damage_Dealt":1573148184
,"Total_Damage_Dealt_Average":140209.28556149732
,"Total_Damage_Dealt_To_Champion":191388396
,"Total_Damage_Dealt_To_Champion_Average":17057.789304812835
,"Total_Damage_Taken":309679801
,"Total_Damage_Taken_Average":27600.695276292336
,"Total_Heal":27031139
,"Total_Heal_Average":2409.1924242424243
,"Total_Time_Crowd_Control_Dealt":7743178
,"Total_Time_Crowd_Control_Dealt_Average":690.122816399287
,"Tower_Kills":11976
,"Tower_Kills_Average":1.067379679144385
,"True_Damage_Dealt_To_Champion":7028264
,"True_Damage_Dealt_To_Champion_Average":626.404991087344
,"True_Damage_Dealt":85461493
,"True_Damage_Dealt_Average":7616.888859180036
,"True_Damage_Taken":10664430
,"True_Damage_Taken_Average":950.4839572192514
,"sight_Wards_Bought":3200
,"sight_Wards_Bought_Average":0.28520499108734404
,"Vision_Wards_Bought":2171
,"Vision_Wards_Bought_Average":0.19349376114081995
,"Total_Wards_Bought":0.478698752228164
,"Wards_Placed":71941
,"Wards_Placed_Average":6.411853832442068
,"Wards_Killed":5952
,"WardsKilled_Average":0.5304812834224599
,"Win":5757
,"Win_Rate":0.5131016042780748
,"lose":5463
,"Lose_Rate":0.4868983957219251

}





"Items" : {

	"one" : {
		"name" : "Blade of the Ruined King",
		"percentages" : "57.33%",
		"win" : "56.87%",
	},
	"two" : {
		"name" : "Trinity Force",
		"percentages" :"46.56%" ,
		"win" : "58.35%",
	},
	"three" : {
		"name" : "Randuin’s Omen",
		"percentages" : "18.20%",
		"win" : "56.04%",
	},
	"four" : {
		"name" : "Ravenous Hydra",
		"percentages" : "15.96%",
		"win" : "58.57%",
	},
	"five" : {
		"name" : "Flesheater",
		"percentages" : "14.34%",
		"win" : "55.27%",
	},
	"six" : {
		"name" : "Typhoon Claws",
		"percentages" : "12.37%",
		"win" : "59.43%",
	},
	"seven" : {
		"name" : "Ruby Sightstone",
		"percentages" : "6.54%",
		"win" : "41.96%",
	},
	"eight" : {
		"name" : "Banshee’s Veil",
		"percentages" : "5.93%",
		"win" : "54.05%",
	},
	"nine" : {
		"name" : "Dead Man’s Plate",
		"percentages" : "5.66%",
		"win" : "61.63%",
	},
	"ten" : {
		"name" : "spirit Visage",
		"percentages" : "4.66%",
		"win" : "51.62%",
	},

}
}