{"champion" : {
	"Pick_Time":4300
,"Ban_Rate":0.0012763414247076738
,"Ban_Rate_Game":0.00756
,"Ban_Time":756
,"Pick_Rate":0.043
,"Assists_Rate":6.7625581395348835
,"Assists":29079
,"Death_Rate":6.61139534883721
,"Death":28429
,"Kills_Rate":7.332790697674419
,"Kills":31531
,"KDA":2.1319779098807556
,"Gold_Earned":47696090
,"Gold_Earned_Average":11092.113953488371
,"Gold_Spent":44121883
,"Gold_Spent_Average":10260.903023255814
,"First_Blood_Assist":0
,"First_Blood_Assist_Average":0
,"First_Blood_Kill":565
,"First_Blood_Average":0.1313953488372093
,"First_Inhibitor_Assist":566
,"First_Inhibitor_Assist_Average":0.13162790697674417
,"First_Inhibitor_Kill":360
,"First_Inhibitor_Kill_Average":0.08372093023255814
,"First_Tower_Kill":460
,"First_Tower_Kill_Average":0.10697674418604651
,"First_Tower_Assist":112
,"First_Tower_Assist_Average":0.026046511627906978
,"Largest_Killing_Spree":13787
,"Largest_Killing_Spree_Average":3.206279069767442
,"Largest_Multu_Kill":6267
,"Largest_Multi_Kill_Average":1.4574418604651163
,"Largest_Critical_Strike":3406
,"Total_Crit_Average":357.82488372093025
,"Total_Crit":1538647
,"Magic_Damage_Dealt_To_Champion_Average":3560.5316279069766
,"Magic_Damage_Dealt_To_Champion":15310286
,"Magic_Damage_Dealt":52704443
,"Magic_Damage_Dealt_Average":12256.847209302325
,"Magic_Damage_Taken":34860871
,"Magic_Damage_Taken_Average":8107.179302325581
,"Minions_Killed":584203
,"Minions_Killed_Average":135.86116279069768
,"Neutral_Minion_Killed":33077
,"Neutral_Minion_Killed_Average":7.692325581395349
,"Neutral_Minion_Killed_Enemy_Jungle":11089
,"Neutral_Minion_Killed_Enemy_Jungle_Average":2.5788372093023257
,"Pentakills":4
,"Pentakills_Average":0.0009302325581395349
,"Physical_Damage_Dealt_To_Champion":71235063
,"Physical_Damage_Dealt_To_Champion_Average":16566.293720930233
,"Physical_Damage_Dealt":474922625
,"Physical_Damage_Dealt_Average":110447.12209302325
,"Physical_Damage_Taken":59397125
,"Physical_Damage_Taken_Average":13813.28488372093
,"Total_Damage_Dealt":532903678
,"Total_Damage_Dealt_Average":123931.08790697674
,"Total_Damage_Dealt_To_Champion":88420906
,"Total_Damage_Dealt_To_Champion_Average":20563.001395348838
,"Total_Damage_Taken":97761722
,"Total_Damage_Taken_Average":22735.284186046512
,"Total_Heal":5844575
,"Total_Heal_Average":1359.203488372093
,"Total_Time_Crowd_Control_Dealt":1517246
,"Total_Time_Crowd_Control_Dealt_Average":352.8479069767442
,"Tower_Kills":4704
,"Tower_Kills_Average":1.093953488372093
,"True_Damage_Dealt_To_Champion":1873194
,"True_Damage_Dealt_To_Champion_Average":435.62651162790695
,"True_Damage_Dealt":5274056
,"True_Damage_Dealt_Average":1226.5246511627906
,"True_Damage_Taken":3501037
,"True_Damage_Taken_Average":814.1946511627907
,"sight_Wards_Bought":1336
,"sight_Wards_Bought_Average":0.31069767441860463
,"Vision_Wards_Bought":772
,"Vision_Wards_Bought_Average":0.17953488372093024
,"Total_Wards_Bought":0.49023255813953487
,"Wards_Placed":25649
,"Wards_Placed_Average":5.964883720930232
,"Wards_Killed":1473
,"WardsKilled_Average":0.34255813953488373
,"Win":1993
,"Win_Rate":0.46348837209302324
,"lose":2307
,"Lose_Rate":0.5365116279069767

}




"Items" : {

	"one" : {
		"name" : "Muramana",
		"percentages" : "41.37%",
		"win" : "50.36%",
	},
	"two" : {
		"name" : "Last Whisper",
		"percentages" :"41.13%" ,
		"win" : "51.15%",
	},
	"three" : {
		"name" : "Manamune",
		"percentages" : "38.55%",
		"win" : "44.14%",
	},
	"four" : {
		"name" : "The Black Cleaver",
		"percentages" : "36.97%",
		"win" : "51.06%",
	},
	"five" : {
		"name" : "Infinity Edge",
		"percentages" : "20.41%",
		"win" : "53.41%",
	},
	"six" : {
		"name" : "Essence Reaver",
		"percentages" : "13.53%",
		"win" : "53.95%",
	},
	"seven" : {
		"name" : "The Bloodthirster",
		"percentages" : "13.00%",
		"win" : "55.27%",
	},
	"eight" : {
		"name" : "Youmuu’s Ghostblade",
		"percentages" : "10.06%",
		"win" : "47.34%",
	},
	"nine" : {
		"name" : "Trinity Force",
		"percentages" : "8.06%",
		"win" : "54.46%",
	},
	"ten" : {
		"name" : "Flesheater",
		"percentages" : "8.04%",
		"win" : "45.08%",
	},

}
}