{"champion" : {
	"Pick_Time":5186
,"Ban_Rate":0.0005976519369662917
,"Ban_Rate_Game":0.00354
,"Ban_Time":354
,"Pick_Rate":0.05186
,"Assists_Rate":11.111453914384882
,"Assists":57624
,"Death_Rate":6.129386810644042
,"Death":31787
,"Kills_Rate":3.8590435788661783
,"Kills":20013
,"KDA":2.4424135652939882
,"Gold_Earned":50669470
,"Gold_Earned_Average":9770.433860393367
,"Gold_Spent":46516495
,"Gold_Spent_Average":8969.628808330119
,"First_Blood_Assist":0
,"First_Blood_Assist_Average":0
,"First_Blood_Kill":355
,"First_Blood_Average":0.06845352873119938
,"First_Inhibitor_Assist":931
,"First_Inhibitor_Assist_Average":0.17952178943308908
,"First_Inhibitor_Kill":179
,"First_Inhibitor_Kill_Average":0.034516004627844196
,"First_Tower_Kill":230
,"First_Tower_Kill_Average":0.044350173544157344
,"First_Tower_Assist":479
,"First_Tower_Assist_Average":0.09236405707674508
,"Largest_Killing_Spree":8911
,"Largest_Killing_Spree_Average":1.7182799845738528
,"Largest_Multu_Kill":5587
,"Largest_Multi_Kill_Average":1.0773235634400309
,"Largest_Critical_Strike":942
,"Total_Crit_Average":4.2803702275356725
,"Total_Crit":22198
,"Magic_Damage_Dealt_To_Champion_Average":13286.006170458928
,"Magic_Damage_Dealt_To_Champion":68901228
,"Magic_Damage_Dealt":283080549
,"Magic_Damage_Dealt_Average":54585.528152718856
,"Magic_Damage_Taken":35594465
,"Magic_Damage_Taken_Average":6863.56826070189
,"Minions_Killed":293690
,"Minions_Killed_Average":56.63131507905901
,"Neutral_Minion_Killed":14625
,"Neutral_Minion_Killed_Average":2.8200925568839184
,"Neutral_Minion_Killed_Enemy_Jungle":5093
,"Neutral_Minion_Killed_Enemy_Jungle_Average":0.9820671037408407
,"Pentakills":1
,"Pentakills_Average":0.0001928268414963363
,"Physical_Damage_Dealt_To_Champion":6862171
,"Physical_Damage_Dealt_To_Champion_Average":1323.2107597377556
,"Physical_Damage_Dealt":59235246
,"Physical_Damage_Dealt_Average":11422.145391438487
,"Physical_Damage_Taken":52974739
,"Physical_Damage_Taken_Average":10214.951600462784
,"Total_Damage_Dealt":345170054
,"Total_Damage_Dealt_Average":66558.05129193983
,"Total_Damage_Dealt_To_Champion":77127462
,"Total_Damage_Dealt_To_Champion_Average":14872.244890088701
,"Total_Damage_Taken":91401721
,"Total_Damage_Taken_Average":17624.70516775935
,"Total_Heal":6658055
,"Total_Heal_Average":1283.8517161588893
,"Total_Time_Crowd_Control_Dealt":2565180
,"Total_Time_Crowd_Control_Dealt_Average":494.6355572695719
,"Tower_Kills":2245
,"Tower_Kills_Average":0.432896259159275
,"True_Damage_Dealt_To_Champion":1361386
,"True_Damage_Dealt_To_Champion_Average":262.5117624373313
,"True_Damage_Dealt":2851426
,"True_Damage_Dealt_Average":549.8314693405322
,"True_Damage_Taken":2828857
,"True_Damage_Taken_Average":545.4795603548014
,"sight_Wards_Bought":3311
,"sight_Wards_Bought_Average":0.6384496721943694
,"Vision_Wards_Bought":2380
,"Vision_Wards_Bought_Average":0.4589278827612804
,"Total_Wards_Bought":1.09737755495565
,"Wards_Placed":66242
,"Wards_Placed_Average":12.773235634400308
,"Wards_Killed":3855
,"WardsKilled_Average":0.7433474739683764
,"Win":2556
,"Win_Rate":0.49286540686463554
,"lose":2630
,"Lose_Rate":0.5071345931353645

}




"Items" : {

	"one" : {
		"name" : "sightstone",
		"percentages" : "38.06%",
		"win" : "48.37%",
	},
	"two" : {
		"name" : "Rabadon’s Deathcap",
		"percentages" :"23.02%" ,
		"win" : "56.19%",
	},
	"three" : {
		"name" : "Luden’s Echo",
		"percentages" : "20.70%",
		"win" : "56.61%",
	},
	"four" : {
		"name" : "Liandry’s Torment",
		"percentages" : "17.58%",
		"win" : "54.05%",
	},
	"five" : {
		"name" : "Zhonya’s Hourglass",
		"percentages" : "14.42%",
		"win" : "56.28%",
	},
	"six" : {
		"name" : "Netherstride Grimoire",
		"percentages" : "13.18%",
		"win" : "56.87%",
	},
	"seven" : {
		"name" : "Trickster’s Glass",
		"percentages" : "11.56%",
		"win" : "56.00%",
	},
	"eight" : {
		"name" : "Athene’s Unholy Grail",
		"percentages" : "11.04%",
		"win" : "51.30%",
	},
	"nine" : {
		"name" : "Pox Arcana",
		"percentages" : "10.77%",
		"win" : "54.56%",
	},
	"ten" : {
		"name" : "Globe of Trust",
		"percentages" : "7.38%",
		"win" : "51.95%",
	},

}
}