{"champion" = {
	"Pick_Time":1427
,"Ban_Rate":0.0007799864262102451
,"Ban_Rate_Game":0.00462
,"Ban_Time":462
,"Pick_Rate":0.01427
,"Assists_Rate":6.205325858444288
,"Assists":8855
,"Death_Rate":6.989488437281009
,"Death":9974
,"Kills_Rate":7.37281009110021
,"Kills":10521
,"KDA":1.942650892320032
,"Gold_Earned":14492167
,"Gold_Earned_Average":10155.68815697267
,"Gold_Spent":13532995
,"Gold_Spent_Average":9483.528381219341
,"First_Blood_Assist":0
,"First_Blood_Assist_Average":0
,"First_Blood_Kill":154
,"First_Blood_Average":0.1079187105816398
,"First_Inhibitor_Assist":110
,"First_Inhibitor_Assist_Average":0.07708479327259986
,"First_Inhibitor_Kill":57
,"First_Inhibitor_Kill_Average":0.039943938332165384
,"First_Tower_Kill":40
,"First_Tower_Kill_Average":0.02803083391730904
,"First_Tower_Assist":22
,"First_Tower_Assist_Average":0.015416958654519973
,"Largest_Killing_Spree":4470
,"Largest_Killing_Spree_Average":3.1324456902592854
,"Largest_Multu_Kill":2064
,"Largest_Multi_Kill_Average":1.4463910301331464
,"Largest_Critical_Strike":1154
,"Total_Crit_Average":13.54239663629993
,"Total_Crit":19325
,"Magic_Damage_Dealt_To_Champion_Average":13959.52207428171
,"Magic_Damage_Dealt_To_Champion":19920238
,"Magic_Damage_Dealt":83281812
,"Magic_Damage_Dealt_Average":58361.46601261388
,"Magic_Damage_Taken":11100092
,"Magic_Damage_Taken_Average":7778.620882971269
,"Minions_Killed":145459
,"Minions_Killed_Average":101.93342676944638
,"Neutral_Minion_Killed":8303
,"Neutral_Minion_Killed_Average":5.818500350385424
,"Neutral_Minion_Killed_Enemy_Jungle":1925
,"Neutral_Minion_Killed_Enemy_Jungle_Average":1.3489838822704976
,"Pentakills":1
,"Pentakills_Average":0.000700770847932726
,"Physical_Damage_Dealt_To_Champion":2584336
,"Physical_Damage_Dealt_To_Champion_Average":1811.0273300630695
,"Physical_Damage_Dealt":34690890
,"Physical_Damage_Dealt_Average":24310.364400840925
,"Physical_Damage_Taken":23238700
,"Physical_Damage_Taken_Average":16285.00350385424
,"Total_Damage_Dealt":119931634
,"Total_Damage_Dealt_Average":84044.59285213736
,"Total_Damage_Dealt_To_Champion":23423301
,"Total_Damage_Dealt_To_Champion_Average":16414.36650315347
,"Total_Damage_Taken":35637069
,"Total_Damage_Taken_Average":24973.419060967062
,"Total_Heal":2212106
,"Total_Heal_Average":1550.1793973370707
,"Total_Time_Crowd_Control_Dealt":501457
,"Total_Time_Crowd_Control_Dealt_Average":351.406447091801
,"Tower_Kills":712
,"Tower_Kills_Average":0.4989488437281009
,"True_Damage_Dealt_To_Champion":917938
,"True_Damage_Dealt_To_Champion_Average":643.2641906096707
,"True_Damage_Dealt":1958085
,"True_Damage_Dealt_Average":1372.1688857743518
,"True_Damage_Taken":1297402
,"True_Damage_Taken_Average":909.1814996496146
,"Sight_Wards_Bought":464
,"Sight_Wards_Bought_Average":0.3251576734407849
,"Vision_Wards_Bought":304
,"Vision_Wards_Bought_Average":0.2130343377715487
,"Total_Wards_Bought":0.5381920112123336
,"Wards_Placed":8199
,"Wards_Placed_Average":5.745620182200421
,"Wards_Killed":439
,"WardsKilled_Average":0.3076384022424667
,"Win":557
,"Win_Rate":0.3903293622985284
,"lose":870
,"Lose_Rate":0.6096706377014717

}





"Items" = {

	"one" : {
		"name" : "Rod of Ages",
		"percentages" : "71.12%",
		"win" : "41.77%",
	},
	"two" : {
		"name" : "Luden’s Echo",
		"percentages" :"37.21%" ,
		"win" : "47.45%",
	},
	"three" : {
		"name" : "Zhonya’s Hourglass",
		"percentages" : "19.20%",
		"win" : "48.17%",
	},
	"four" : {
		"name" : "Rabadon’s Deathcap",
		"percentages" : "17.72%",
		"win" : "52.56%",
	},
	"five" : {
		"name" : "Lich Bane",
		"percentages" : "16.67%",
		"win" : "49.57%",
	},
	"six" : {
		"name" : "Pox Arcana",
		"percentages" : "7.63%",
		"win" : "41.28%",
	},
	"seven" : {
		"name" : "Netherstride Grimoire",
		"percentages" : "7.28%",
		"win" : "55.76%",
	},
	"eight" : {
		"name" : "Trickster’s Glass",
		"percentages" : "7.07%",
		"win" : "43.56%",
	},
	"nine" : {
		"name" : "Seraph’s Embrace",
		"percentages" : "6.51%",
		"win" : "52.68%",
	},
	"ten" : {
		"name" : "Abyssal Scepter",
		"percentages" : "6.09%",
		"win" : "49.42%",
	},

}
}