{"champion" = {
	"Pick_Time":6240
,"Ban_Rate":0.0007782981439024307
,"Ban_Rate_Game":0.00461
,"Ban_Time":461
,"Pick_Rate":0.0624
,"Assists_Rate":7.302724358974359
,"Assists":45569
,"Death_Rate":6.99150641025641
,"Death":43627
,"Kills_Rate":7.025320512820513
,"Kills":43838
,"KDA":2.049350173057969
,"Gold_Earned":68626126
,"Gold_Earned_Average":10997.776602564103
,"Gold_Spent":63710613
,"Gold_Spent_Average":10210.034134615385
,"First_Blood_Assist":0
,"First_Blood_Assist_Average":0
,"First_Blood_Kill":527
,"First_Blood_Average":0.08445512820512821
,"First_Inhibitor_Assist":815
,"First_Inhibitor_Assist_Average":0.13060897435897437
,"First_Inhibitor_Kill":503
,"First_Inhibitor_Kill_Average":0.08060897435897436
,"First_Tower_Kill":451
,"First_Tower_Kill_Average":0.07227564102564103
,"First_Tower_Assist":204
,"First_Tower_Assist_Average":0.032692307692307694
,"Largest_Killing_Spree":17770
,"Largest_Killing_Spree_Average":2.84775641025641
,"Largest_Multu_Kill":8935
,"Largest_Multi_Kill_Average":1.4318910256410255
,"Largest_Critical_Strike":1741
,"Total_Crit_Average":332.73509615384614
,"Total_Crit":2076267
,"Magic_Damage_Dealt_To_Champion_Average":13069.617628205127
,"Magic_Damage_Dealt_To_Champion":81554414
,"Magic_Damage_Dealt":371497220
,"Magic_Damage_Dealt_Average":59534.8108974359
,"Magic_Damage_Taken":48928884
,"Magic_Damage_Taken_Average":7841.167307692308
,"Minions_Killed":794856
,"Minions_Killed_Average":127.38076923076923
,"Neutral_Minion_Killed":50154
,"Neutral_Minion_Killed_Average":8.0375
,"Neutral_Minion_Killed_Enemy_Jungle":14230
,"Neutral_Minion_Killed_Enemy_Jungle_Average":2.280448717948718
,"Pentakills":13
,"Pentakills_Average":0.0020833333333333333
,"Physical_Damage_Dealt_To_Champion":41195998
,"Physical_Damage_Dealt_To_Champion_Average":6601.922756410257
,"Physical_Damage_Dealt":373627552
,"Physical_Damage_Dealt_Average":59876.21025641025
,"Physical_Damage_Taken":81644831
,"Physical_Damage_Taken_Average":13084.107532051283
,"Total_Damage_Dealt":775463905
,"Total_Damage_Dealt_Average":124273.06169871795
,"Total_Damage_Dealt_To_Champion":136289131
,"Total_Damage_Dealt_To_Champion_Average":21841.206891025642
,"Total_Damage_Taken":134474907
,"Total_Damage_Taken_Average":21550.465865384616
,"Total_Heal":12420278
,"Total_Heal_Average":1990.4291666666666
,"Total_Time_Crowd_Control_Dealt":6265330
,"Total_Time_Crowd_Control_Dealt_Average":1004.0592948717949
,"Tower_Kills":5790
,"Tower_Kills_Average":0.9278846153846154
,"True_Damage_Dealt_To_Champion":13534631
,"True_Damage_Dealt_To_Champion_Average":2169.011378205128
,"True_Damage_Dealt":30334878
,"True_Damage_Dealt_Average":4861.358653846154
,"True_Damage_Taken":3897213
,"True_Damage_Taken_Average":624.5533653846154
,"Sight_Wards_Bought":1151
,"Sight_Wards_Bought_Average":0.18445512820512822
,"Vision_Wards_Bought":926
,"Vision_Wards_Bought_Average":0.1483974358974359
,"Total_Wards_Bought":0.3328525641025641
,"Wards_Placed":31841
,"Wards_Placed_Average":5.102724358974359
,"Wards_Killed":2230
,"WardsKilled_Average":0.3573717948717949
,"Win":3110
,"Win_Rate":0.4983974358974359
,"lose":3130
,"Lose_Rate":0.5016025641025641

	
}





"Items" = {

	"one" : {
		"name" : "Trinity Force",
		"percentages" : "38.92%",
		"win" : "54.38%",
	},
	"two" : {
		"name" : "Blade of the Ruined King",
		"percentages" :"38.50%" ,
		"win" : "53.34%",
	},
	"three" : {
		"name" : "Luden’s Echo",
		"percentages" : "20.48%",
		"win" : "55.00%",
	},
	"four" : {
		"name" : "Infinity Edge",
		"percentages" : "17.53%",
		"win" : "57.86%",
	},
	"five" : {
		"name" : "Seraph’s Embrace",
		"percentages" : "12.61%",
		"win" : "52.47%",
	},
	"six" : {
		"name" : "Last Whisper",
		"percentages" : "10.11%",
		"win" : "56.25%",
	},
	"seven" : {
		"name" : "Phantom Dancer",
		"percentages" : "10.08%",
		"win" : "55.32%",
	},
	"eight" : {
		"name" : "Typhoon Claws",
		"percentages" : "8.57%",
		"win" : "58.13%",
	},
	"nine" : {
		"name" : "Rabadon’s Deathcap",
		"percentages" : "7.06%",
		"win" : "56.46%",
	},
	"ten" : {
		"name" : "Mirage Blade",
		"percentages" : "6.16%",
		"win" : "60.51%",
	},

}
}