{"champion" = {
	"Pick_Time":6111
,"Ban_Rate":0.041658365945319915
,"Ban_Rate_Game":0.24675
,"Ban_Time":24675
,"Pick_Rate":0.06111
,"Assists_Rate":5.985927016854852
,"Assists":36580
,"Death_Rate":6.552119129438717
,"Death":40040
,"Kills_Rate":8.500409098347243
,"Kills":51946
,"KDA":2.210939060939061
,"Gold_Earned":61778732
,"Gold_Earned_Average":10109.430862379317
,"Gold_Spent":58025278
,"Gold_Spent_Average":9495.21813123875
,"First_Blood_Assist":0
,"First_Blood_Assist_Average":0
,"First_Blood_Kill":1076
,"First_Blood_Average":0.17607592865324825
,"First_Inhibitor_Assist":621
,"First_Inhibitor_Assist_Average":0.101620029455081
,"First_Inhibitor_Kill":204
,"First_Inhibitor_Kill_Average":0.033382425135002454
,"First_Tower_Kill":158
,"First_Tower_Kill_Average":0.025855015545737194
,"First_Tower_Assist":119
,"First_Tower_Assist_Average":0.019473081328751432
,"Largest_Killing_Spree":22501
,"Largest_Killing_Spree_Average":3.682048764522991
,"Largest_Multu_Kill":8395
,"Largest_Multi_Kill_Average":1.3737522500409098
,"Largest_Critical_Strike":1210
,"Total_Crit_Average":6.7097038127965964
,"Total_Crit":41003
,"Magic_Damage_Dealt_To_Champion_Average":15828.957617411226
,"Magic_Damage_Dealt_To_Champion":96730760
,"Magic_Damage_Dealt":360945528
,"Magic_Damage_Dealt_Average":59064.88757977418
,"Magic_Damage_Taken":49567563
,"Magic_Damage_Taken_Average":8111.2032400589105
,"Minions_Killed":520967
,"Minions_Killed_Average":85.25069546719031
,"Neutral_Minion_Killed":23336
,"Neutral_Minion_Killed_Average":3.8186876125020457
,"Neutral_Minion_Killed_Enemy_Jungle":7093
,"Neutral_Minion_Killed_Enemy_Jungle_Average":1.1606938307969237
,"Pentakills":4
,"Pentakills_Average":0.0006545573555882834
,"Physical_Damage_Dealt_To_Champion":8742718
,"Physical_Damage_Dealt_To_Champion_Average":1430.6525936835214
,"Physical_Damage_Dealt":101280494
,"Physical_Damage_Dealt_Average":16573.47308132875
,"Physical_Damage_Taken":66486986
,"Physical_Damage_Taken_Average":10879.886434298805
,"Total_Damage_Dealt":467533777
,"Total_Damage_Dealt_Average":76506.91818033055
,"Total_Damage_Dealt_To_Champion":109110066
,"Total_Damage_Dealt_To_Champion_Average":17854.69906725577
,"Total_Damage_Taken":119890700
,"Total_Damage_Taken_Average":19618.834887907055
,"Total_Heal":8213097
,"Total_Heal_Average":1343.985763377516
,"Total_Time_Crowd_Control_Dealt":1445745
,"Total_Time_Crowd_Control_Dealt_Average":236.5807560137457
,"Tower_Kills":2493
,"Tower_Kills_Average":0.40795287187039764
,"True_Damage_Dealt_To_Champion":3633172
,"True_Damage_Dealt_To_Champion_Average":594.5298641793487
,"True_Damage_Dealt":5304150
,"True_Damage_Dealt_Average":867.9675994108984
,"True_Damage_Taken":3832282
,"True_Damage_Taken_Average":627.1120929471444
,"Sight_Wards_Bought":1823
,"Sight_Wards_Bought_Average":0.29831451480936017
,"Vision_Wards_Bought":1135
,"Vision_Wards_Bought_Average":0.18573064964817543
,"Total_Wards_Bought":0.4840451644575356
,"Wards_Placed":38370
,"Wards_Placed_Average":6.278841433480609
,"Wards_Killed":2075
,"WardsKilled_Average":0.33955162821142204
,"Win":2759
,"Win_Rate":0.4514809360170185
,"lose":3352
,"Lose_Rate":0.5485190639829816

}


"Items" = {

	"one" : {
		"name" : "Luden’s Echo",
		"percentages" : "52.28%",
		"win" : "51.17%",
	},
	"two" : {
		"name" : "Rabadon’s Deathcap",
		"percentages" :"40.87%" ,
		"win" : "53.36%",
	},
	"three" : {
		"name" : "Zhonya’s Hourglass",
		"percentages" : "23.20%",
		"win" : "51.97%",
	},
	"four" : {
		"name" : "Trickster’s Glass",
		"percentages" : "17.47%",
		"win" : "54.86%",
	},
	"five" : {
		"name" : "Pox Arcana",
		"percentages" : "16.74%",
		"win" : "46.43%",
	},
	"six" : {
		"name" : "Void Staff",
		"percentages" : "12.40%",
		"win" : "51.45%",
	},
	"seven" : {
		"name" : "Netherstride Grimoire",
		"percentages" : "10.47%",
		"win" : "47.96%",
	},
	"eight" : {
		"name" : "Rite of Ruin",
		"percentages" : "9.78%",
		"win" : "49.16%",
	},
	"nine" : {
		"name" : "Athene’s Unholy Grail",
		"percentages" : "7.80%",
		"win" : "44.44%",
	},
	"ten" : {
		"name" : "Lost Chapter",
		"percentages" : "7.36%",
		"win" : "44.66%",
	},

}
}