{"champion" = {
	"Pick_Time":18125
,"Ban_Rate":0.008662576521395602
,"Ban_Rate_Game":0.05131
,"Ban_Time":5131
,"Pick_Rate":0.18125
,"Assists_Rate":7.9155310344827585
,"Assists":143469
,"Death_Rate":7.099089655172413
,"Death":128671
,"Kills_Rate":7.277517241379311
,"Kills":131905
,"KDA":2.1401403579672187
,"Gold_Earned":197640290
,"Gold_Earned_Average":10904.291862068965
,"Gold_Spent":183830588
,"Gold_Spent_Average":10142.377268965518
,"First_Blood_Assist":0
,"First_Blood_Assist_Average":0
,"First_Blood_Kill":2411
,"First_Blood_Average":0.1330206896551724
,"First_Inhibitor_Assist":2140
,"First_Inhibitor_Assist_Average":0.11806896551724137
,"First_Inhibitor_Kill":844
,"First_Inhibitor_Kill_Average":0.04656551724137931
,"First_Tower_Kill":827
,"First_Tower_Kill_Average":0.04562758620689655
,"First_Tower_Assist":540
,"First_Tower_Assist_Average":0.029793103448275862
,"Largest_Killing_Spree":55052
,"Largest_Killing_Spree_Average":3.037351724137931
,"Largest_Multu_Kill":25062
,"Largest_Multi_Kill_Average":1.3827310344827586
,"Largest_Critical_Strike":1763
,"Total_Crit_Average":84.76750344827586
,"Total_Crit":1536411
,"Magic_Damage_Dealt_To_Champion_Average":2430.206179310345
,"Magic_Damage_Dealt_To_Champion":44047487
,"Magic_Damage_Dealt":495101833
,"Magic_Damage_Dealt_Average":27315.9632
,"Magic_Damage_Taken":148880156
,"Magic_Damage_Taken_Average":8214.077572413793
,"Minions_Killed":1075282
,"Minions_Killed_Average":59.32590344827586
,"Neutral_Minion_Killed":705636
,"Neutral_Minion_Killed_Average":38.93164137931034
,"Neutral_Minion_Killed_Enemy_Jungle":139262
,"Neutral_Minion_Killed_Enemy_Jungle_Average":7.683420689655172
,"Pentakills":12
,"Pentakills_Average":0.0006620689655172414
,"Physical_Damage_Dealt_To_Champion":217262196
,"Physical_Damage_Dealt_To_Champion_Average":11986.879779310344
,"Physical_Damage_Dealt":1415711105
,"Physical_Damage_Dealt_Average":78108.19889655172
,"Physical_Damage_Taken":363325509
,"Physical_Damage_Taken_Average":20045.545324137933
,"Total_Damage_Dealt":2056187764
,"Total_Damage_Dealt_Average":113444.84215172414
,"Total_Damage_Dealt_To_Champion":273875105
,"Total_Damage_Dealt_To_Champion_Average":15110.350620689655
,"Total_Damage_Taken":528390159
,"Total_Damage_Taken_Average":29152.560496551723
,"Total_Heal":41658232
,"Total_Heal_Average":2298.3852137931035
,"Total_Time_Crowd_Control_Dealt":13861382
,"Total_Time_Crowd_Control_Dealt_Average":764.7659034482758
,"Tower_Kills":8927
,"Tower_Kills_Average":0.4925241379310345
,"True_Damage_Dealt_To_Champion":12555200
,"True_Damage_Dealt_To_Champion_Average":692.7006896551724
,"True_Damage_Dealt":145363714
,"True_Damage_Dealt_Average":8020.066979310345
,"True_Damage_Taken":16172303
,"True_Damage_Taken_Average":892.2649931034483
,"Sight_Wards_Bought":13599
,"Sight_Wards_Bought_Average":0.7502896551724137
,"Vision_Wards_Bought":4489
,"Vision_Wards_Bought_Average":0.24766896551724138
,"Total_Wards_Bought":0.9979586206896551
,"Wards_Placed":239692
,"Wards_Placed_Average":13.224386206896552
,"Wards_Killed":13522
,"WardsKilled_Average":0.7460413793103449
,"Win":8495
,"Win_Rate":0.4686896551724138
,"lose":9630
,"Lose_Rate":0.5313103448275862

}



"Items" = {

	"one" : {
		"name" : "Sightstone",
		"percentages" : "37.80%",
		"win" : "46.60%",
	},
	"two" : {
		"name" : "Ravenous Hydra",
		"percentages" :"36.24%" ,
		"win" : "53.29%",
	},
	"three" : {
		"name" : "The Black Cleaver",
		"percentages" : "26.35%",
		"win" : "55.69%",
	},
	"four" : {
		"name" : "Randuin’s Omen",
		"percentages" : "26.13%",
		"win" : "49.71%",
	},
	"five" : {
		"name" : "Last Whisper",
		"percentages" : "18.28%",
		"win" : "58.34%",
	},
	"six" : {
		"name" : "Flesheater",
		"percentages" : "9.04%",
		"win" : "48.23%",
	},
	"seven" : {
		"name" : "Dead Man’s Plate",
		"percentages" : "8.90%",
		"win" : "53.34%",
	},
	"eight" : {
		"name" : "Ruby Sightstone",
		"percentages" : "8.39%",
		"win" : "39.29%",
	},
	"nine" : {
		"name" : "Banshee’s Veil",
		"percentages" : "8.06%",
		"win" : "49.69%",
	},
	"ten" : {
		"name" : "Thornmail",
		"percentages" : "5.50%",
		"win" : "47.89%",
	},

}
}