{"champion" : {
	
	"Pick_Time":9932
,"Ban_Rate":0.016776461292751527
,"Ban_Rate_Game":0.09937
,"Ban_Time":9937
,"Pick_Rate":0.09932
,"Assists_Rate":13.20237615787354
,"Assists":131126
,"Death_Rate":6.085682641965365
,"Death":60443
,"Kills_Rate":2.6391461941200163
,"Kills":26212
,"KDA":2.6030805883228827
,"Gold_Earned":89167136
,"Gold_Earned_Average":8977.762384212647
,"Gold_Spent":81297968
,"Gold_Spent_Average":8185.457913813935
,"First_Blood_Assist":0
,"First_Blood_Assist_Average":0
,"First_Blood_Kill":494
,"First_Blood_Average":0.049738219895287955
,"First_Inhibitor_Assist":2038
,"First_Inhibitor_Assist_Average":0.20519532823197745
,"First_Inhibitor_Kill":216
,"First_Inhibitor_Kill_Average":0.02174788562223117
,"First_Tower_Kill":322
,"First_Tower_Kill_Average":0.0324204591220298
,"First_Tower_Assist":1043
,"First_Tower_Assist_Average":0.10501409585179218
,"Largest_Killing_Spree":10446
,"Largest_Killing_Spree_Average":1.0517519130084576
,"Largest_Multu_Kill":9406
,"Largest_Multi_Kill_Average":0.9470398711236407
,"Largest_Critical_Strike":1119
,"Total_Crit_Average":11.126862666129682
,"Total_Crit":110512
,"Magic_Damage_Dealt_To_Champion_Average":5909.979057591623
,"Magic_Damage_Dealt_To_Champion":58697912
,"Magic_Damage_Dealt":215901214
,"Magic_Damage_Dealt_Average":21737.939387837294
,"Magic_Damage_Taken":86668412
,"Magic_Damage_Taken_Average":8726.179218687072
,"Minions_Killed":397192
,"Minions_Killed_Average":39.991139750302054
,"Neutral_Minion_Killed":12752
,"Neutral_Minion_Killed_Average":1.283930728956907
,"Neutral_Minion_Killed_Enemy_Jungle":4784
,"Neutral_Minion_Killed_Enemy_Jungle_Average":0.4816753926701571
,"Pentakills":1
,"Pentakills_Average":0.00010068465565847765
,"Physical_Damage_Dealt_To_Champion":28838328
,"Physical_Damage_Dealt_To_Champion_Average":2903.5771244462344
,"Physical_Damage_Dealt":128319253
,"Physical_Damage_Dealt_Average":12919.779802658075
,"Physical_Damage_Taken":160653934
,"Physical_Damage_Taken_Average":16175.386024969795
,"Total_Damage_Dealt":385540373
,"Total_Damage_Dealt_Average":38817.999697946034
,"Total_Damage_Dealt_To_Champion":89157135
,"Total_Damage_Dealt_To_Champion_Average":8976.755436971405
,"Total_Damage_Taken":256305123
,"Total_Damage_Taken_Average":25805.99305275876
,"Total_Heal":31438452
,"Total_Heal_Average":3165.369714055578
,"Total_Time_Crowd_Control_Dealt":4316509
,"Total_Time_Crowd_Control_Dealt_Average":434.6062223117197
,"Tower_Kills":3152
,"Tower_Kills_Average":0.31735803463552154
,"True_Damage_Dealt_To_Champion":1615771
,"True_Damage_Dealt_To_Champion_Average":162.6833467579541
,"True_Damage_Dealt":41310509
,"True_Damage_Dealt_Average":4159.334373741442
,"True_Damage_Taken":8976227
,"True_Damage_Taken_Average":903.7683246073299
,"sight_Wards_Bought":7248
,"sight_Wards_Bought_Average":0.7297623842126459
,"Vision_Wards_Bought":6221
,"Vision_Wards_Bought_Average":0.6263592428513894
,"Total_Wards_Bought":1.3561216270640355
,"Wards_Placed":161603
,"Wards_Placed_Average":16.270942408376964
,"Wards_Killed":11371
,"WardsKilled_Average":1.1448852194925494
,"Win":5353
,"Win_Rate":0.5389649617398309
,"lose":4579
,"Lose_Rate":0.46103503826016917

	
}




"Items" : {

	"one" : {
		"name" : "sightstone",
		"percentages" : "61.81%",
		"win" : "53.44%",
	},
	"two" : {
		"name" : "Face of the Mountain",
		"percentages" :"56.26%" ,
		"win" : "58.37%",
	},
	"three" : {
		"name" : 'sunfire Cape",
		"percentages" : "26.89%",
		"win" : "59.64%",
	},
	"four" : {
		"name" : "Dead Man’s Plate",
		"percentages" : "16.20%",
		"win" : "59.78%",
	},
	"five" : {
		"name" : "Martyr’s Gambit",
		"percentages" : "15.31%",
		"win" : "61.47%",
	},
	"six" : {
		"name" : "Randuin’s Omen",
		"percentages" : "14.06%",
		"win" : "58.48%",
	},
	"seven" : {
		"name" : "Ruby Sightstone",
		"percentages" : "13.73%",
		"win" : "49.19%",
	},
	"eight" : {
		"name" : "Frozen Heart",
		"percentages" : "10.33%",
		"win" : "60.72%",
	},
	"nine" : {
		"name" : "Locket of the Iron Solari",
		"percentages" : "10.13%",
		"win" : "63.05%",
	},
	"ten" : {
		"name" : "Thornmail",
		"percentages" : "7.90%",
		"win" : "54.52%",
	},

}
}