{"champion" = {
	"Pick_Time":5166
,"Ban_Rate":0.0017237362362784855
,"Ban_Rate_Game":0.01021
,"Ban_Time":1021
,"Pick_Rate":0.05166
,"Assists_Rate":7.006194347657762
,"Assists":36194
,"Death_Rate":6.16066589237321
,"Death":31826
,"Kills_Rate":7.433023615950445
,"Kills":38399
,"KDA":2.3437755294413374
,"Gold_Earned":59740861
,"Gold_Earned_Average":11564.239450251645
,"Gold_Spent":54820391
,"Gold_Spent_Average":10611.76751838947
,"First_Blood_Assist":0
,"First_Blood_Assist_Average":0
,"First_Blood_Kill":431
,"First_Blood_Average":0.08343012001548587
,"First_Inhibitor_Assist":891
,"First_Inhibitor_Assist_Average":0.17247386759581881
,"First_Inhibitor_Kill":338
,"First_Inhibitor_Kill_Average":0.06542779713511421
,"First_Tower_Kill":566
,"First_Tower_Kill_Average":0.10956252419667054
,"First_Tower_Assist":129
,"First_Tower_Assist_Average":0.02497096399535424
,"Largest_Killing_Spree":17210
,"Largest_Killing_Spree_Average":3.3313975996902827
,"Largest_Multu_Kill":7804
,"Largest_Multi_Kill_Average":1.510646535036779
,"Largest_Critical_Strike":1379
,"Total_Crit_Average":12.647115756871855
,"Total_Crit":65335
,"Magic_Damage_Dealt_To_Champion_Average":18883.437282229967
,"Magic_Damage_Dealt_To_Champion":97551837
,"Magic_Damage_Dealt":504056318
,"Magic_Damage_Dealt_Average":97571.87727448704
,"Magic_Damage_Taken":44157024
,"Magic_Damage_Taken_Average":8547.623693379792
,"Minions_Killed":757979
,"Minions_Killed_Average":146.72454510259388
,"Neutral_Minion_Killed":42180
,"Neutral_Minion_Killed_Average":8.164924506387921
,"Neutral_Minion_Killed_Enemy_Jungle":13144
,"Neutral_Minion_Killed_Enemy_Jungle_Average":2.5443283004258612
,"Pentakills":6
,"Pentakills_Average":0.0011614401858304297
,"Physical_Damage_Dealt_To_Champion":15217021
,"Physical_Damage_Dealt_To_Champion_Average":2945.6099496709253
,"Physical_Damage_Dealt":180023703
,"Physical_Damage_Dealt_Average":34847.793844367014
,"Physical_Damage_Taken":54732713
,"Physical_Damage_Taken_Average":10594.795392953929
,"Total_Damage_Dealt":690202099
,"Total_Damage_Dealt_Average":133604.7423538521
,"Total_Damage_Dealt_To_Champion":116085972
,"Total_Damage_Dealt_To_Champion_Average":22471.152148664343
,"Total_Damage_Taken":102486718
,"Total_Damage_Taken_Average":19838.69879984514
,"Total_Heal":6354280
,"Total_Heal_Average":1230.0193573364304
,"Total_Time_Crowd_Control_Dealt":1803067
,"Total_Time_Crowd_Control_Dealt_Average":349.02574525745257
,"Tower_Kills":4330
,"Tower_Kills_Average":0.8381726674409601
,"True_Damage_Dealt_To_Champion":3314230
,"True_Damage_Dealt_To_Champion_Average":641.5466511807975
,"True_Damage_Dealt":6119259
,"True_Damage_Dealt_Average":1184.5255516840882
,"True_Damage_Taken":3593713
,"True_Damage_Taken_Average":695.6471157568718
,"Sight_Wards_Bought":2089
,"Sight_Wards_Bought_Average":0.40437475803329465
,"Vision_Wards_Bought":1032
,"Vision_Wards_Bought_Average":0.1997677119628339
,"Total_Wards_Bought":0.6041424699961285
,"Wards_Placed":37719
,"Wards_Placed_Average":7.301393728222997
,"Wards_Killed":1554
,"WardsKilled_Average":0.3008130081300813
,"Win":2808
,"Win_Rate":0.5435540069686411
,"lose":2358
,"Lose_Rate":0.4564459930313589

}




"Items" = {

	"one" : {
		"name" : "Rod of Ages",
		"percentages" : "57.62%",
		"win" : "55.15%",
	},
	"two" : {
		"name" : "Rabadon’s Deathcap",
		"percentages" :"36.54%" ,
		"win" : "58.63%",
	},
	"three" : {
		"name" : "Liandry’s Torment",
		"percentages" : "29.79%",
		"win" : "58.80%",
	},
	"four" : {
		"name" : "Luden’s Echo",
		"percentages" : "27.02%",
		"win" : "59.38%",
	},
	"five" : {
		"name" : "Zhonya’s Hourglass",
		"percentages" : "17.69%",
		"win" : "54.81%",
	},
	"six" : {
		"name" : "Pox Arcana",
		"percentages" : "16.02%",
		"win" : "56.03%",
	},
	"seven" : {
		"name" : "Rylai’s Crystal Scepter",
		"percentages" : "15.58%",
		"win" : "59.75%",
	},
	"eight" : {
		"name" : "Void Staff",
		"percentages" : "10.84%",
		"win" : "61.96%",
	},
	"nine" : {
		"name" : "Netherstride Grimoire",
		"percentages" : "9.17%",
		"win" : "60.97%",
	},
	"ten" : {
		"name" : "Rite of Ruin",
		"percentages" : "7.82%",
		"win" : "55.69%",
	},

}
}