{"champion" : {
	"Pick_Time":19621
,"Ban_Rate":0.04603608196948261
,"Ban_Rate_Game":0.27268
,"Ban_Time":27268
,"Pick_Rate":0.19621
,"Assists_Rate":4.964222007033281
,"Assists":97403
,"Death_Rate":7.690076958360939
,"Death":150887
,"Kills_Rate":8.636155139901126
,"Kills":169450
,"KDA":1.76856190394136
,"Gold_Earned":241384503
,"Gold_Earned_Average":12302.354772947352
,"Gold_Spent":223462318
,"Gold_Spent_Average":11388.936241781765
,"First_Blood_Assist":0
,"First_Blood_Assist_Average":0
,"First_Blood_Kill":1732
,"First_Blood_Average":0.08827276897201977
,"First_Inhibitor_Assist":1413
,"First_Inhibitor_Assist_Average":0.0720146781509607
,"First_Inhibitor_Kill":1896
,"First_Inhibitor_Kill_Average":0.09663116049131033
,"First_Tower_Kill":1390
,"First_Tower_Kill_Average":0.07084246470618215
,"First_Tower_Assist":533
,"First_Tower_Assist_Average":0.027164772437694308
,"Largest_Killing_Spree":66133
,"Largest_Killing_Spree_Average":3.370521380153917
,"Largest_Multu_Kill":35473
,"Largest_Multi_Kill_Average":1.807909892462158
,"Largest_Critical_Strike":2911
,"Total_Crit_Average":673.8413944243413
,"Total_Crit":13221442
,"Magic_Damage_Dealt_To_Champion_Average":1465.4272463177208
,"Magic_Damage_Dealt_To_Champion":28753148
,"Magic_Damage_Dealt":303461859
,"Magic_Damage_Dealt_Average":15466.177004230161
,"Magic_Damage_Taken":148010026
,"Magic_Damage_Taken_Average":7543.449671270578
,"Minions_Killed":1715311
,"Minions_Killed_Average":87.42220070332807
,"Neutral_Minion_Killed":1057697
,"Neutral_Minion_Killed_Average":53.90637582182356
,"Neutral_Minion_Killed_Enemy_Jungle":211115
,"Neutral_Minion_Killed_Enemy_Jungle_Average":10.75964527801845
,"Pentakills":209
,"Pentakills_Average":0.010651852606900769
,"Physical_Damage_Dealt_To_Champion":263547484
,"Physical_Damage_Dealt_To_Champion_Average":13431.90887314612
,"Physical_Damage_Dealt":2721078981
,"Physical_Damage_Dealt_Average":138681.97242750114
,"Physical_Damage_Taken":410400455
,"Physical_Damage_Taken_Average":20916.38830844503
,"Total_Damage_Dealt":3331232416
,"Total_Damage_Dealt_Average":169778.931552928
,"Total_Damage_Dealt_To_Champion":348060683
,"Total_Damage_Dealt_To_Champion_Average":17739.19183527853
,"Total_Damage_Taken":575721919
,"Total_Damage_Taken_Average":29342.12930023954
,"Total_Heal":83905208
,"Total_Heal_Average":4276.296213240916
,"Total_Time_Crowd_Control_Dealt":9513169
,"Total_Time_Crowd_Control_Dealt_Average":484.84628714132816
,"Tower_Kills":19719
,"Tower_Kills_Average":1.0049946485907957
,"True_Damage_Dealt_To_Champion":55748658
,"True_Damage_Dealt_To_Champion_Average":2841.2750624331075
,"True_Damage_Dealt":306679784
,"True_Damage_Dealt_Average":15630.181132460119
,"True_Damage_Taken":17298876
,"True_Damage_Taken_Average":881.6510881198716
,"sight_Wards_Bought":4104
,"sight_Wards_Bought_Average":0.20916365119005148
,"Vision_Wards_Bought":3094
,"Vision_Wards_Bought_Average":0.1576881912236889
,"Total_Wards_Bought":0.36685184241374036
,"Wards_Placed":109047
,"Wards_Placed_Average":5.55766780490291
,"Wards_Killed":10368
,"WardsKilled_Average":0.5284134345853932
,"Win":9807
,"Win_Rate":0.4998216196931859
,"lose":9814
,"Lose_Rate":0.5001783803068142

}





"Items" : {

	"one" : {
		"name" : "Blade of the Ruined King",
		"percentages" : "57.67%",
		"win" : "54.60%",
	},
	"two" : {
		"name" : 'statikk Shiv",
		"percentages" :"34.46%" ,
		"win" : "54.51%",
	},
	"three" : {
		"name" : "Infinity Edge",
		"percentages" : "33.84%",
		"win" : "58.94",
	},
	"four" : {
		"name" : "Youmuu’s Ghostblade",
		"percentages" : "20.40%",
		"win" : "55.61%",
	},
	"five" : {
		"name" : "Typhoon Claws",
		"percentages" : "16.16%",
		"win" : "55.04%",
	},
	"six" : {
		"name" : "Last Whisper",
		"percentages" : "12.64%",
		"win" : "55.66%",
	},
	"seven" : {
		"name" : "Flesheater",
		"percentages" : "12.41%",
		"win" : "54.06%",
	},
	"eight" : {
		"name" : "Ravenous Hydra",
		"percentages" : "12.08%",
		"win" : "53.96%",
	},
	"nine" : {
		"name" : "The Bloodthirster",
		"percentages" : "10.73%",
		"win" : "59.92%",
	},
	"ten" : {
		"name" : "Mirage Blade",
		"percentages" : "7.52%",
		"win" : "57.41%",
	},

}
}