{"champion" = {
	"Pick_Time":24012
,"Ban_Rate":0.002853197100206308
,"Ban_Rate_Game":0.0169
,"Ban_Time":1690
,"Pick_Rate":0.24012
,"Assists_Rate":7.344577711144428
,"Assists":176358
,"Death_Rate":6.726386806596702
,"Death":161514
,"Kills_Rate":7.564092953523239
,"Kills":181629
,"KDA":2.216445633195884
,"Gold_Earned":276754341
,"Gold_Earned_Average":11525.66804097951
,"Gold_Spent":253950920
,"Gold_Spent_Average":10576.00033316675
,"First_Blood_Assist":0
,"First_Blood_Assist_Average":0
,"First_Blood_Kill":2913
,"First_Blood_Average":0.1213143428285857
,"First_Inhibitor_Assist":2960
,"First_Inhibitor_Assist_Average":0.12327169748459103
,"First_Inhibitor_Kill":2591
,"First_Inhibitor_Kill_Average":0.10790438114276195
,"First_Tower_Kill":3068
,"First_Tower_Kill_Average":0.1277694486090288
,"First_Tower_Assist":1390
,"First_Tower_Assist_Average":0.05788772280526403
,"Largest_Killing_Spree":79361
,"Largest_Killing_Spree_Average":3.305055805430618
,"Largest_Multu_Kill":37646
,"Largest_Multi_Kill_Average":1.567799433616525
,"Largest_Critical_Strike":2078
,"Total_Crit_Average":678.3655672163918
,"Total_Crit":16288914
,"Magic_Damage_Dealt_To_Champion_Average":5324.28948025987
,"Magic_Damage_Dealt_To_Champion":127846839
,"Magic_Damage_Dealt":728279689
,"Magic_Damage_Dealt_Average":30329.822130601366
,"Magic_Damage_Taken":181555750
,"Magic_Damage_Taken_Average":7561.042395468932
,"Minions_Killed":3425543
,"Minions_Killed_Average":142.6596285190738
,"Neutral_Minion_Killed":191274
,"Neutral_Minion_Killed_Average":7.965767116441779
,"Neutral_Minion_Killed_Enemy_Jungle":72541
,"Neutral_Minion_Killed_Enemy_Jungle_Average":3.021031151091121
,"Pentakills":51
,"Pentakills_Average":0.0021239380309845076
,"Physical_Damage_Dealt_To_Champion":318209410
,"Physical_Damage_Dealt_To_Champion_Average":13252.099366983175
,"Physical_Damage_Dealt":2496355641
,"Physical_Damage_Dealt_Average":103962.83695652174
,"Physical_Damage_Taken":316139504
,"Physical_Damage_Taken_Average":13165.896385140763
,"Total_Damage_Dealt":3239159697
,"Total_Damage_Dealt_Average":134897.53860569716
,"Total_Damage_Dealt_To_Champion":452126239
,"Total_Damage_Dealt_To_Champion_Average":18829.17870231551
,"Total_Damage_Taken":511724535
,"Total_Damage_Taken_Average":21311.200024987505
,"Total_Heal":43962375
,"Total_Heal_Average":1830.85019990005
,"Total_Time_Crowd_Control_Dealt":9442747
,"Total_Time_Crowd_Control_Dealt_Average":393.25116608362487
,"Tower_Kills":31156
,"Tower_Kills_Average":1.2975179077128103
,"True_Damage_Dealt_To_Champion":6057558
,"True_Damage_Dealt_To_Champion_Average":252.27211394302847
,"True_Damage_Dealt":14514417
,"True_Damage_Dealt_Average":604.4651424287856
,"True_Damage_Taken":14014122
,"True_Damage_Taken_Average":583.6299350324838
,"Sight_Wards_Bought":2603
,"Sight_Wards_Bought_Average":0.10840413126769949
,"Vision_Wards_Bought":2644
,"Vision_Wards_Bought_Average":0.11011161086123605
,"Total_Wards_Bought":0.21851574212893554
,"Wards_Placed":138560
,"Wards_Placed_Average":5.770448109278694
,"Wards_Killed":9029
,"WardsKilled_Average":0.37602032317174744
,"Win":12218
,"Win_Rate":0.5088289188738964
,"lose":11794
,"Lose_Rate":0.49117108112610364

}





"Items" = {

	"one" : {
		"name" : "Infinity Edge",
		"percentages" : "66.55%",
		"win" : "55.19%",
	},
	"two" : {
		"name" : "Statikk Shiv",
		"percentages" :"43.68%" ,
		"win" : "54.29%",
	},
	"three" : {
		"name" : "The Bloodthirster",
		"percentages" : "38.68%",
		"win" : "58.48%",
	},
	"four" : {
		"name" : "Last Whisper",
		"percentages" : "17.09%",
		"win" : "56.65%",
	},
	"five" : {
		"name" : "Mirage Blade",
		"percentages" : "16.95%",
		"win" : "54.58%",
	},
	"six" : {
		"name" : "Phantom Dancer",
		"percentages" : "13.34%",
		"win" : "58.87%",
	},
	"seven" : {
		"name" : "Typhoon Claws",
		"percentages" : "13.04%",
		"win" : "54.64%",
	},
	"eight" : {
		"name" : "The Black Cleaver",
		"percentages" : "7.66%",
		"win" : "57.98%",
	},
	"nine" : {
		"name" : "Blade of the Ruined King",
		"percentages" : "4.33%",
		"win" : "53.60%",
	},
	"ten" : {
		"name" : "Flesheater",
		"percentages" : "4.32%",
		"win" : "50.33%",
	},

}
}