{"champion" : {
	"Pick_Time":7832
,"Ban_Rate":0.004597192724178566
,"Ban_Rate_Game":0.02723
,"Ban_Time":2723
,"Pick_Rate":0.07832
,"Assists_Rate":5.946756894790603
,"Assists":46575
,"Death_Rate":6.024770173646578
,"Death":47186
,"Kills_Rate":5.333886618998979
,"Kills":41775
,"KDA":1.8723774000762938
,"Gold_Earned":85382530
,"Gold_Earned_Average":10901.753064351378
,"Gold_Spent":78256112
,"Gold_Spent_Average":9991.842696629214
,"First_Blood_Assist":0
,"First_Blood_Assist_Average":0
,"First_Blood_Kill":534
,"First_Blood_Average":0.06818181818181818
,"First_Inhibitor_Assist":658
,"First_Inhibitor_Assist_Average":0.08401430030643514
,"First_Inhibitor_Kill":862
,"First_Inhibitor_Kill_Average":0.11006128702757917
,"First_Tower_Kill":691
,"First_Tower_Kill_Average":0.08822778345250255
,"First_Tower_Assist":99
,"First_Tower_Assist_Average":0.012640449438202247
,"Largest_Killing_Spree":19457
,"Largest_Killing_Spree_Average":2.4842951991828395
,"Largest_Multu_Kill":10304
,"Largest_Multi_Kill_Average":1.3156281920326864
,"Largest_Critical_Strike":4006
,"Total_Crit_Average":530.3165219611849
,"Total_Crit":4153439
,"Magic_Damage_Dealt_To_Champion_Average":6327.79213483146
,"Magic_Damage_Dealt_To_Champion":49559268
,"Magic_Damage_Dealt":292820649
,"Magic_Damage_Dealt_Average":37387.723314606745
,"Magic_Damage_Taken":83425078
,"Magic_Damage_Taken_Average":10651.823033707866
,"Minions_Killed":1152694
,"Minions_Killed_Average":147.17747701736465
,"Neutral_Minion_Killed":76622
,"Neutral_Minion_Killed_Average":9.783197139938713
,"Neutral_Minion_Killed_Enemy_Jungle":23245
,"Neutral_Minion_Killed_Enemy_Jungle_Average":2.9679519918283965
,"Pentakills":6
,"Pentakills_Average":0.0007660878447395301
,"Physical_Damage_Dealt_To_Champion":74698237
,"Physical_Damage_Dealt_To_Champion_Average":9537.568564862104
,"Physical_Damage_Dealt":765423245
,"Physical_Damage_Dealt_Average":97730.24067926455
,"Physical_Damage_Taken":178281756
,"Physical_Damage_Taken_Average":22763.247701736465
,"Total_Damage_Dealt":1078585519
,"Total_Damage_Dealt_Average":137715.2092696629
,"Total_Damage_Dealt_To_Champion":126634598
,"Total_Damage_Dealt_To_Champion_Average":16168.871041879469
,"Total_Damage_Taken":272680874
,"Total_Damage_Taken_Average":34816.25051072523
,"Total_Heal":12670649
,"Total_Heal_Average":1617.8050306435139
,"Total_Time_Crowd_Control_Dealt":10996380
,"Total_Time_Crowd_Control_Dealt_Average":1404.0321756894791
,"Tower_Kills":11427
,"Tower_Kills_Average":1.459014300306435
,"True_Damage_Dealt_To_Champion":2372939
,"True_Damage_Dealt_To_Champion_Average":302.9799540347293
,"True_Damage_Dealt":20337369
,"True_Damage_Dealt_Average":2596.701864147089
,"True_Damage_Taken":10968996
,"True_Damage_Taken_Average":1400.5357507660879
,"sight_Wards_Bought":1403
,"sight_Wards_Bought_Average":0.17913687436159345
,"Vision_Wards_Bought":924
,"Vision_Wards_Bought_Average":0.11797752808988764
,"Total_Wards_Bought":0.29711440245148113
,"Wards_Placed":38904
,"Wards_Placed_Average":4.967313585291113
,"Wards_Killed":1833
,"WardsKilled_Average":0.23403983656792646
,"Win":3770
,"Win_Rate":0.4813585291113381
,"lose":4062
,"Lose_Rate":0.5186414708886619

}






"Items" : {

	"one" : {
		"name" : "spirit Visage",
		"percentages" : "44.75%",
		"win" : "51.72%",
	},
	"two" : {
		"name" : "Frozen Heart",
		"percentages" :"43.82%" ,
		"win" : "52.73%",
	},
	"three" : {
		"name" : "Trinity Force",
		"percentages" : "38.77%",
		"win" : "55.87%",
	},
	"four" : {
		"name" : "Iceborn Gauntlet",
		"percentages" : "24.32%",
		"win" : "51.44%",
	},
	"five" : {
		"name" : "Randuin’s Omen",
		"percentages" : "19.61%",
		"win" : "49.60%",
	},
	"six" : {
		"name" : "Flesheater",
		"percentages" : "12.25%",
		"win" : "48.33%",
	},
	"seven" : {
		"name" : "Dead Man’s Plate",
		"percentages" : "11.77%",
		"win" : "53.47%",
	},
	"eight" : {
		"name" : "Thornmail",
		"percentages" : "11.03%",
		"win" : "47.68%",
	},
	"nine" : {
		"name" : "Ruby Sightstone",
		"percentages" : "8.89%",
		"win" : "42.61%",
	},
	"ten" : {
		"name" : 'sunfire Cape",
		"percentages" : "4.81%",
		"win" : "49.86%",
	},

}
}