{"champion" = {
	"Pick_Time":3571
,"Ban_Rate":0.0005858339608115911
,"Ban_Rate_Game":0.00347
,"Ban_Time":347
,"Pick_Rate":0.03571
,"Assists_Rate":6.635396247549706
,"Assists":23695
,"Death_Rate":6.8851862223466815
,"Death":24587
,"Kills_Rate":8.014841781013722
,"Kills":28621
,"KDA":2.127791109122707
,"Gold_Earned":43742277
,"Gold_Earned_Average":12249.307476897227
,"Gold_Spent":40382039
,"Gold_Spent_Average":11308.327919350322
,"First_Blood_Assist":0
,"First_Blood_Assist_Average":0
,"First_Blood_Kill":333
,"First_Blood_Average":0.09325119014281714
,"First_Inhibitor_Assist":339
,"First_Inhibitor_Assist_Average":0.09493139176701204
,"First_Inhibitor_Kill":264
,"First_Inhibitor_Kill_Average":0.07392887146457575
,"First_Tower_Kill":259
,"First_Tower_Kill_Average":0.07252870344441333
,"First_Tower_Assist":76
,"First_Tower_Assist_Average":0.021282553906468778
,"Largest_Killing_Spree":12032
,"Largest_Killing_Spree_Average":3.3693643237188464
,"Largest_Multu_Kill":5420
,"Largest_Multi_Kill_Average":1.5177821338560626
,"Largest_Critical_Strike":1904
,"Total_Crit_Average":281.3763651638197
,"Total_Crit":1004795
,"Magic_Damage_Dealt_To_Champion_Average":2631.430691683002
,"Magic_Damage_Dealt_To_Champion":9396839
,"Magic_Damage_Dealt":68937437
,"Magic_Damage_Dealt_Average":19304.798935872306
,"Magic_Damage_Taken":27410606
,"Magic_Damage_Taken_Average":7675.890786894427
,"Minions_Killed":266201
,"Minions_Killed_Average":74.54522542705125
,"Neutral_Minion_Killed":208119
,"Neutral_Minion_Killed_Average":58.28031363763652
,"Neutral_Minion_Killed_Enemy_Jungle":37476
,"Neutral_Minion_Killed_Enemy_Jungle_Average":10.494539344721366
,"Pentakills":7
,"Pentakills_Average":0.0019602352282273874
,"Physical_Damage_Dealt_To_Champion":48544819
,"Physical_Damage_Dealt_To_Champion_Average":13594.1806216746
,"Physical_Damage_Dealt":475144098
,"Physical_Damage_Dealt_Average":133056.31419770373
,"Physical_Damage_Taken":79239978
,"Physical_Damage_Taken_Average":22189.856622794734
,"Total_Damage_Dealt":579349628
,"Total_Damage_Dealt_Average":162237.36432371885
,"Total_Damage_Dealt_To_Champion":60792814
,"Total_Damage_Dealt_To_Champion_Average":17024.030803696445
,"Total_Damage_Taken":109942957
,"Total_Damage_Taken_Average":30787.722486698403
,"Total_Heal":17598566
,"Total_Heal_Average":4928.189862783534
,"Total_Time_Crowd_Control_Dealt":2395406
,"Total_Time_Crowd_Control_Dealt_Average":670.7941753010361
,"Tower_Kills":2998
,"Tower_Kills_Average":0.8395407448893867
,"True_Damage_Dealt_To_Champion":2849172
,"True_Damage_Dealt_To_Champion_Average":797.8639036684402
,"True_Damage_Dealt":35266042
,"True_Damage_Dealt_Average":9875.676841220946
,"True_Damage_Taken":3290063
,"True_Damage_Taken_Average":921.3281993839261
,"Sight_Wards_Bought":1240
,"Sight_Wards_Bought_Average":0.34724166900028003
,"Vision_Wards_Bought":882
,"Vision_Wards_Bought_Average":0.2469896387566508
,"Total_Wards_Bought":0.5942313077569308
,"Wards_Placed":20527
,"Wards_Placed_Average":5.748249789974797
,"Wards_Killed":2590
,"WardsKilled_Average":0.7252870344441333
,"Win":1823
,"Win_Rate":0.5105012601512181
,"lose":1748
,"Lose_Rate":0.48949873984878184

}






"Items" = {

	"one" : {
		"name" : "Blade of the Ruined King",
		"percentages" : "66.11%",
		"win" : "55.06%",
	},
	"two" : {
		"name" : "Randuin’s Omen",
		"percentages" :"22.87%" ,
		"win" : "56.18%",
	},
	"three" : {
		"name" : "Youmuu’s Ghostblade",
		"percentages" : "19.35%",
		"win" : "57.59%",
	},
	"four" : {
		"name" : "Ravenous Hydra ",
		"percentages" : "18.98%",
		"win" : "59.73%",
	},
	"five" : {
		"name" : "Typhoon Claws",
		"percentages" : "12.57%",
		"win" : "57.46%",
	},
	"six" : {
		"name" : "Last Whisper",
		"percentages" : "11.53%",
		"win" : "59.22%",
	},
	"seven" : {
		"name" : "Flesheater",
		"percentages" : "10.02%",
		"win" : "55.30%",
	},
	"eight" : {
		"name" : "Banshee’s Veil",
		"percentages" : "8.37%",
		"win" : "53.51%",
	},
	"nine" : {
		"name" : "Dead Man’s Plate",
		"percentages" : "6.41%",
		"win" : "63.31%",
	},
	"ten" : {
		"name" : "The Bloodthirster",
		"percentages" : "5.74%",
		"win" : "66.82%",
	},

}
}