{"champion" = {
	"Pick_Time":3949
,"Ban_Rate":0.0009758271739167137
,"Ban_Rate_Game":0.00578
,"Ban_Time":578
,"Pick_Rate":0.03949
,"Assists_Rate":9.638389465687515
,"Assists":38062
,"Death_Rate":6.017219549252975
,"Death":23762
,"Kills_Rate":4.312737401873892
,"Kills":17031
,"KDA":2.3185337934517296
,"Gold_Earned":41813544
,"Gold_Earned_Average":10588.387946315523
,"Gold_Spent":38399485
,"Gold_Spent_Average":9723.850341858699
,"First_Blood_Assist":0
,"First_Blood_Assist_Average":0
,"First_Blood_Kill":281
,"First_Blood_Average":0.07115725500126614
,"First_Inhibitor_Assist":596
,"First_Inhibitor_Assist_Average":0.15092428462902
,"First_Inhibitor_Kill":134
,"First_Inhibitor_Kill_Average":0.03393264117498101
,"First_Tower_Kill":114
,"First_Tower_Kill_Average":0.02886806786528235
,"First_Tower_Assist":173
,"First_Tower_Assist_Average":0.04380855912889339
,"Largest_Killing_Spree":7679
,"Largest_Killing_Spree_Average":1.9445429222587998
,"Largest_Multu_Kill":4542
,"Largest_Multi_Kill_Average":1.1501645986325653
,"Largest_Critical_Strike":1015
,"Total_Crit_Average":6.600911623195746
,"Total_Crit":26067
,"Magic_Damage_Dealt_To_Champion_Average":10546.145100025324
,"Magic_Damage_Dealt_To_Champion":41646727
,"Magic_Damage_Dealt":203834386
,"Magic_Damage_Dealt_Average":51616.70954672069
,"Magic_Damage_Taken":38129766
,"Magic_Damage_Taken_Average":9655.549759432768
,"Minions_Killed":198453
,"Minions_Killed_Average":50.25398835148139
,"Neutral_Minion_Killed":173462
,"Neutral_Minion_Killed_Average":43.92555077234743
,"Neutral_Minion_Killed_Enemy_Jungle":52737
,"Neutral_Minion_Killed_Enemy_Jungle_Average":13.354520131678907
,"Pentakills":0
,"Pentakills_Average":0
,"Physical_Damage_Dealt_To_Champion":5053210
,"Physical_Damage_Dealt_To_Champion_Average":1279.6176247151177
,"Physical_Damage_Dealt":92460308
,"Physical_Damage_Dealt_Average":23413.600405165864
,"Physical_Damage_Taken":95383789
,"Physical_Damage_Taken_Average":24153.909597366423
,"Total_Damage_Dealt":476651110
,"Total_Damage_Dealt_Average":120701.72448721195
,"Total_Damage_Dealt_To_Champion":48342879
,"Total_Damage_Dealt_To_Champion_Average":12241.802734869587
,"Total_Damage_Taken":137454823
,"Total_Damage_Taken_Average":34807.50139275766
,"Total_Heal":38493783
,"Total_Heal_Average":9747.729298556596
,"Total_Time_Crowd_Control_Dealt":5264346
,"Total_Time_Crowd_Control_Dealt_Average":1333.0833122309446
,"Tower_Kills":1464
,"Tower_Kills_Average":0.3707267662699418
,"True_Damage_Dealt_To_Champion":1640844
,"True_Damage_Dealt_To_Champion_Average":415.5087363889592
,"True_Damage_Dealt":180354180
,"True_Damage_Dealt_Average":45670.848316029376
,"True_Damage_Taken":3938714
,"True_Damage_Taken_Average":997.395289946822
,"Sight_Wards_Bought":1838
,"Sight_Wards_Bought_Average":0.46543428716130664
,"Vision_Wards_Bought":1620
,"Vision_Wards_Bought_Average":0.4102304380855913
,"Total_Wards_Bought":0.875664725246898
,"Wards_Placed":34633
,"Wards_Placed_Average":8.770068371739681
,"Wards_Killed":3822
,"WardsKilled_Average":0.9678399594834135
,"Win":1975
,"Win_Rate":0.5001266143327424
,"lose":1974
,"Lose_Rate":0.49987338566725753

}




"Items" = {

	"one" : {
		"name" : "Rod of Ages",
		"percentages" : "19.39%",
		"win" : "50.39%",
	},
	"two" : {
		"name" : "Frozen Heart",
		"percentages" :"18.05%" ,
		"win" : "56.94%",
	},
	"three" : {
		"name" : "Spirit Visage",
		"percentages" : "16.08%",
		"win" : "56.85%",
	},
	"four" : {
		"name" : "Sightstone",
		"percentages" : "13.62%",
		"win" : "49.81%",
	},
	"five" : {
		"name" : "Randuin’s Omen",
		"percentages" : "13.21%",
		"win" : "53.44%",
	},
	"six" : {
		"name" : "Rabadon’s Deathcap",
		"percentages" : "13.09%",
		"win" : "58.02%",
	},
	"seven" : {
		"name" : "Trickster’s Glass",
		"percentages" : "12.43%",
		"win" : "54.78%",
	},
	"eight" : {
		"name" : "Liandry’s Torment",
		"percentages" : "12.15%",
		"win" : "62.29%",
	},
	"nine" : {
		"name" : "Luden’s Echo",
		"percentages" : "10.53%",
		"win" : "56.73%",
	},
	"ten" : {
		"name" : "Dead Man’s Plate",
		"percentages" : "9.95%",
		"win" : "60.30%",
	},

}
}