{"champion" : {
	"Pick_Time":3697
,"Ban_Rate":0.0006347941477382082
,"Ban_Rate_Game":0.00376
,"Ban_Time":376
,"Pick_Rate":0.03697
,"Assists_Rate":9.215850689748445
,"Assists":34071
,"Death_Rate":6.065458479848526
,"Death":22424
,"Kills_Rate":6.0246145523397345
,"Kills":22273
,"KDA":2.512665001783803
,"Gold_Earned":40478673
,"Gold_Earned_Average":10949.059507708953
,"Gold_Spent":37168013
,"Gold_Spent_Average":10053.560454422504
,"First_Blood_Assist":0
,"First_Blood_Assist_Average":0
,"First_Blood_Kill":367
,"First_Blood_Average":0.09926967811739248
,"First_Inhibitor_Assist":657
,"First_Inhibitor_Assist_Average":0.1777116581011631
,"First_Inhibitor_Kill":197
,"First_Inhibitor_Kill_Average":0.05328644847173384
,"First_Tower_Kill":147
,"First_Tower_Kill_Average":0.03976196916418718
,"First_Tower_Assist":120
,"First_Tower_Assist_Average":0.032458750338111984
,"Largest_Killing_Spree":10285
,"Largest_Killing_Spree_Average":2.7819853935623478
,"Largest_Multu_Kill":5043
,"Largest_Multi_Kill_Average":1.364078982959156
,"Largest_Critical_Strike":914
,"Total_Crit_Average":3.5688395996754125
,"Total_Crit":13194
,"Magic_Damage_Dealt_To_Champion_Average":15905.273464971599
,"Magic_Damage_Dealt_To_Champion":58801796
,"Magic_Damage_Dealt":376576346
,"Magic_Damage_Dealt_Average":101859.97998377062
,"Magic_Damage_Taken":26699304
,"Magic_Damage_Taken_Average":7221.883689477955
,"Minions_Killed":488955
,"Minions_Killed_Average":132.25723559642952
,"Neutral_Minion_Killed":29620
,"Neutral_Minion_Killed_Average":8.01190154179064
,"Neutral_Minion_Killed_Enemy_Jungle":7540
,"Neutral_Minion_Killed_Enemy_Jungle_Average":2.0394914795780363
,"Pentakills":1
,"Pentakills_Average":0.0002704895861509332
,"Physical_Damage_Dealt_To_Champion":4623202
,"Physical_Damage_Dealt_To_Champion_Average":1250.5279956721665
,"Physical_Damage_Dealt":59314308
,"Physical_Damage_Dealt_Average":16043.902623748985
,"Physical_Damage_Taken":35382053
,"Physical_Damage_Taken_Average":9570.476873140384
,"Total_Damage_Dealt":438784958
,"Total_Damage_Dealt_Average":118686.7616986746
,"Total_Damage_Dealt_To_Champion":65091034
,"Total_Damage_Dealt_To_Champion_Average":17606.44684879632
,"Total_Damage_Taken":64282436
,"Total_Damage_Taken_Average":17387.72951041385
,"Total_Heal":4429832
,"Total_Heal_Average":1198.2234243981607
,"Total_Time_Crowd_Control_Dealt":5637413
,"Total_Time_Crowd_Control_Dealt_Average":1524.8615093318908
,"Tower_Kills":2277
,"Tower_Kills_Average":0.6159047876656749
,"True_Damage_Dealt_To_Champion":1664001
,"True_Damage_Dealt_To_Champion_Average":450.09494184473897
,"True_Damage_Dealt":2892144
,"True_Damage_Dealt_Average":782.2948336489045
,"True_Damage_Taken":2198432
,"True_Damage_Taken_Average":594.6529618609684
,"sight_Wards_Bought":1679
,"sight_Wards_Bought_Average":0.4541520151474168
,"Vision_Wards_Bought":1065
,"Vision_Wards_Bought_Average":0.28807140925074387
,"Total_Wards_Bought":0.7422234243981607
,"Wards_Placed":24715
,"Wards_Placed_Average":6.685150121720314
,"Wards_Killed":1483
,"WardsKilled_Average":0.4011360562618339
,"Win":1779
,"Win_Rate":0.48120097376251014
,"lose":1918
,"Lose_Rate":0.5187990262374899

}








"Items" : {

	"one" : {
		"name" : "Rabadon’s Deathcap",
		"percentages" : "38.19%",
		"win" : "56.94%",
	},
	"two" : {
		"name" : "Athene’s Unholy Grail",
		"percentages" :"37.76%" ,
		"win" : "49.57%",
	},
	"three" : {
		"name" : "",
		"percentages" : "28.96%",
		"win" : "%",
	},
	"four" : {
		"name" : "Zhonya’s Hourglass",
		"percentages" : "%",
		"win" : "54.15%",
	},
	"five" : {
		"name" : "seraph’s Embrace",
		"percentages" : "23.91%",
		"win" : "54.63%",
	},
	"six" : {
		"name" : "Luden’s Echo",
		"percentages" : "17.82%",
		"win" : "57.05%",
	},
	"seven" : {
		"name" : "Void Staff",
		"percentages" : "13.38%",
		"win" : "55.55%",
	},
	"eight" : {
		"name" : "Netherstride Grimoire",
		"percentages" : "13.36%",
		"win" : "52.63%",
	},
	"nine" : {
		"name" : "Pox Arcana",
		"percentages" : "12.38%",
		"win" : "52.62%",
	},
	"ten" : {
		"name" : "Rylai’s Crystal Scepter",
		"percentages" : "7.73%",
		"win" : "60.83%",
	},

}
}