{"champion" = {
	"Pick_Time":6544
,"Ban_Rate":0.0020681458270726196
,"Ban_Rate_Game":0.01225
,"Ban_Time":1225
,"Pick_Rate":0.06544
,"Assists_Rate":6.70140586797066
,"Assists":43854
,"Death_Rate":7.024602689486553
,"Death":45969
,"Kills_Rate":7.802720048899755
,"Kills":51061
,"KDA":2.0647610346102807
,"Gold_Earned":69998690
,"Gold_Earned_Average":10696.621332518338
,"Gold_Spent":64990861
,"Gold_Spent_Average":9931.366289731051
,"First_Blood_Assist":0
,"First_Blood_Assist_Average":0
,"First_Blood_Kill":1094
,"First_Blood_Average":0.1671760391198044
,"First_Inhibitor_Assist":848
,"First_Inhibitor_Assist_Average":0.1295843520782396
,"First_Inhibitor_Kill":317
,"First_Inhibitor_Kill_Average":0.04844132029339853
,"First_Tower_Kill":450
,"First_Tower_Kill_Average":0.06876528117359414
,"First_Tower_Assist":229
,"First_Tower_Assist_Average":0.034993887530562345
,"Largest_Killing_Spree":21530
,"Largest_Killing_Spree_Average":3.290036674816626
,"Largest_Multu_Kill":9616
,"Largest_Multi_Kill_Average":1.4694376528117359
,"Largest_Critical_Strike":2529
,"Total_Crit_Average":738.8733190709047
,"Total_Crit":4835187
,"Magic_Damage_Dealt_To_Champion_Average":2161.610177261614
,"Magic_Damage_Dealt_To_Champion":14145577
,"Magic_Damage_Dealt":68035739
,"Magic_Damage_Dealt_Average":10396.659382640586
,"Magic_Damage_Taken":57537003
,"Magic_Damage_Taken_Average":8792.329309290953
,"Minions_Killed":553580
,"Minions_Killed_Average":84.59352078239608
,"Neutral_Minion_Killed":123458
,"Neutral_Minion_Killed_Average":18.86583129584352
,"Neutral_Minion_Killed_Enemy_Jungle":24990
,"Neutral_Minion_Killed_Enemy_Jungle_Average":3.818765281173594
,"Pentakills":7
,"Pentakills_Average":0.001069682151589242
,"Physical_Damage_Dealt_To_Champion":93552773
,"Physical_Damage_Dealt_To_Champion_Average":14295.96164425428
,"Physical_Damage_Dealt":616265441
,"Physical_Damage_Dealt_Average":94172.5918398533
,"Physical_Damage_Taken":107904141
,"Physical_Damage_Taken_Average":16489.019101466994
,"Total_Damage_Dealt":716150909
,"Total_Damage_Dealt_Average":109436.26360024449
,"Total_Damage_Dealt_To_Champion":111939486
,"Total_Damage_Dealt_To_Champion_Average":17105.66717603912
,"Total_Damage_Taken":171933355
,"Total_Damage_Taken_Average":26273.43444376528
,"Total_Heal":12354792
,"Total_Heal_Average":1887.9572127139365
,"Total_Time_Crowd_Control_Dealt":2796795
,"Total_Time_Crowd_Control_Dealt_Average":427.3830990220049
,"Tower_Kills":4675
,"Tower_Kills_Average":0.7143948655256723
,"True_Damage_Dealt_To_Champion":4237529
,"True_Damage_Dealt_To_Champion_Average":647.544162591687
,"True_Damage_Dealt":31845678
,"True_Damage_Dealt_Average":4866.393337408313
,"True_Damage_Taken":6488002
,"True_Damage_Taken_Average":991.442848410758
,"Sight_Wards_Bought":1575
,"Sight_Wards_Bought_Average":0.24067848410757947
,"Vision_Wards_Bought":1104
,"Vision_Wards_Bought_Average":0.1687041564792176
,"Total_Wards_Bought":0.4093826405867971
,"Wards_Placed":38376
,"Wards_Placed_Average":5.864303178484108
,"Wards_Killed":2272
,"WardsKilled_Average":0.3471882640586797
,"Win":3192
,"Win_Rate":0.4877750611246944
,"lose":3352
,"Lose_Rate":0.5122249388753056

}





"Items" = {

	"one" : {
		"name" : "Ravenous Hydra",
		"percentages" : "46.97%",
		"win" : "53.54%",
	},
	"two" : {
		"name" : "The Black Cleaver",
		"percentages" :"41.54%" ,
		"win" : "55.24%",
	},
	"three" : {
		"name" : "Last Whisper",
		"percentages" : "20.64%",
		"win" : "58.62%",
	},
	"four" : {
		"name" : "Randuin’s Omen",
		"percentages" : "15.02%",
		"win" : "50.45%",
	},
	"five" : {
		"name" : "Flesheater",
		"percentages" : "12.95%",
		"win" : "52.83%",
	},
	"six" : {
		"name" : "Ruby Sightstone",
		"percentages" : "8.51%",
		"win" : "42.36%",
	},
	"seven" : {
		"name" : "Warmog’s Armor",
		"percentages" : "8.34%",
		"win" : "53.29%",
	},
	"eight" : {
		"name" : "Dead Man’s Plate",
		"percentages" : "8.25%",
		"win" : "52.59%",
	},
	"nine" : {
		"name" : "Banshee’s Veil",
		"percentages" : "6.40%",
		"win" : "53.22%",
	},
	"ten" : {
		"name" : "Mirage Blade`",
		"percentages" : "5.83%",
		"win" : "53.66%",
	},

}
}