{"champion" = {
	"Pick_Time":2191
,"Ban_Rate":0.0006837543346648253
,"Ban_Rate_Game":0.00405
,"Ban_Time":405
,"Pick_Rate":0.02191
,"Assists_Rate":10.886353263350069
,"Assists":23852
,"Death_Rate":6.570515746234596
,"Death":14396
,"Kills_Rate":4.996805111821086
,"Kills":10948
,"KDA":2.4173381494859685
,"Gold_Earned":23374784
,"Gold_Earned_Average":10668.545869465997
,"Gold_Spent":21631499
,"Gold_Spent_Average":9872.888635326335
,"First_Blood_Assist":0
,"First_Blood_Assist_Average":0
,"First_Blood_Kill":104
,"First_Blood_Average":0.04746691008671839
,"First_Inhibitor_Assist":331
,"First_Inhibitor_Assist_Average":0.15107256960292104
,"First_Inhibitor_Kill":73
,"First_Inhibitor_Kill_Average":0.03331811958010041
,"First_Tower_Kill":51
,"First_Tower_Kill_Average":0.02327704244637152
,"First_Tower_Assist":84
,"First_Tower_Assist_Average":0.038338658146964855
,"Largest_Killing_Spree":4730
,"Largest_Killing_Spree_Average":2.1588315837517116
,"Largest_Multu_Kill":2631
,"Largest_Multi_Kill_Average":1.2008215426745779
,"Largest_Critical_Strike":1621
,"Total_Crit_Average":17.51894112277499
,"Total_Crit":38384
,"Magic_Damage_Dealt_To_Champion_Average":10832.426289365587
,"Magic_Damage_Dealt_To_Champion":23733846
,"Magic_Damage_Dealt":143997379
,"Magic_Damage_Dealt_Average":65722.21770880876
,"Magic_Damage_Taken":20034867
,"Magic_Damage_Taken_Average":9144.165677772706
,"Minions_Killed":119218
,"Minions_Killed_Average":54.41259698767686
,"Neutral_Minion_Killed":82907
,"Neutral_Minion_Killed_Average":37.839799178457326
,"Neutral_Minion_Killed_Enemy_Jungle":12791
,"Neutral_Minion_Killed_Enemy_Jungle_Average":5.837973528069375
,"Pentakills":2
,"Pentakills_Average":0.0009128251939753537
,"Physical_Damage_Dealt_To_Champion":7631526
,"Physical_Damage_Dealt_To_Champion_Average":3483.1246006389774
,"Physical_Damage_Dealt":70229489
,"Physical_Damage_Dealt_Average":32053.623459607486
,"Physical_Damage_Taken":43676830
,"Physical_Damage_Taken_Average":19934.655408489274
,"Total_Damage_Dealt":240287885
,"Total_Damage_Dealt_Average":109670.41761752624
,"Total_Damage_Dealt_To_Champion":32463532
,"Total_Damage_Dealt_To_Champion_Average":14816.76494751255
,"Total_Damage_Taken":66710429
,"Total_Damage_Taken_Average":30447.480146052032
,"Total_Heal":9034168
,"Total_Heal_Average":4123.308078502967
,"Total_Time_Crowd_Control_Dealt":2200497
,"Total_Time_Crowd_Control_Dealt_Average":1004.334550433592
,"Tower_Kills":1015
,"Tower_Kills_Average":0.46325878594249204
,"True_Damage_Dealt_To_Champion":1096921
,"True_Damage_Dealt_To_Champion_Average":500.6485623003195
,"True_Damage_Dealt":26059692
,"True_Damage_Dealt_Average":11893.971702418987
,"True_Damage_Taken":2997275
,"True_Damage_Taken_Average":1367.9940666362393
,"Sight_Wards_Bought":630
,"Sight_Wards_Bought_Average":0.28753993610223644
,"Vision_Wards_Bought":573
,"Vision_Wards_Bought_Average":0.26152441807393884
,"Total_Wards_Bought":0.5490643541761753
,"Wards_Placed":13448
,"Wards_Placed_Average":6.137836604290278
,"Wards_Killed":1382
,"WardsKilled_Average":0.6307622090369694
,"Win":1169
,"Win_Rate":0.5335463258785943
,"lose":1022
,"Lose_Rate":0.46645367412140576

}





"Items" = {

	"one" : {
		"name" : "Ravenous Hydra",
		"percentages" : "36.89%",
		"win" : "55.95%",
	},
	"two" : {
		"name" : "Randuin’s Omen",
		"percentages" :"31.02%" ,
		"win" : "53.63%",
	},
	"three" : {
		"name" : "Spirit Visage",
		"percentages" : "21.68%",
		"win" : "53.60%",
	},
	"four" : {
		"name" : "Trinity Force",
		"percentages" : "14.31",
		"win" : "52.73",
	},
	"five" : {
		"name" : "Dead Man’s Plate",
		"percentages" : "12.42%",
		"win" : "58.14%",
	},
	"six" : {
		"name" : "Ruby Sightstone",
		"percentages" : "11.85%",
		"win" : "41.74%",
	},
	"seven" : {
		"name" : "Frozen Mallet",
		"percentages" : "10.54%",
		"win" : "58.29%",
	},
	"eight" : {
		"name" : "Thornmail",
		"percentages" : "8.14%",
		"win" : "52.25%",
	},
	"nine" : {
		"name" : "The Black Cleaver",
		"percentages" : "7.94%",
		"win" : "60.00%",
	},
	"ten" : {
		"name" : "Flesheater",
		"percentages" : "6.81%",
		"win" : "48.31%",
	},

}
}