{"champion" = {
	"Pick_Time":13199
,"Ban_Rate":0.013278340350960127
,"Ban_Rate_Game":0.07865
,"Ban_Time":7865
,"Pick_Rate":0.13199
,"Assists_Rate":5.997575573907114
,"Assists":79162
,"Death_Rate":7.268959769679521
,"Death":95943
,"Kills_Rate":8.068565800439428
,"Kills":106497
,"KDA":1.9350968804394275
,"Gold_Earned":152861772
,"Gold_Earned_Average":11581.314645048868
,"Gold_Spent":141746150
,"Gold_Spent_Average":10739.158269565876
,"First_Blood_Assist":0
,"First_Blood_Assist_Average":0
,"First_Blood_Kill":1623
,"First_Blood_Average":0.12296386089855292
,"First_Inhibitor_Assist":1139
,"First_Inhibitor_Assist_Average":0.08629441624365482
,"First_Inhibitor_Kill":789
,"First_Inhibitor_Kill_Average":0.059777255852716114
,"First_Tower_Kill":798
,"First_Tower_Kill_Average":0.06045912569134025
,"First_Tower_Assist":289
,"First_Tower_Assist_Average":0.021895598151375106
,"Largest_Killing_Spree":43874
,"Largest_Killing_Spree_Average":3.3240396999772712
,"Largest_Multu_Kill":20017
,"Largest_Multi_Kill_Average":1.516554284415486
,"Largest_Critical_Strike":3664
,"Total_Crit_Average":546.310629593151
,"Total_Crit":7210754
,"Magic_Damage_Dealt_To_Champion_Average":1826.1236457307373
,"Magic_Damage_Dealt_To_Champion":24103006
,"Magic_Damage_Dealt":266990305
,"Magic_Damage_Dealt_Average":20228.07068717327
,"Magic_Damage_Taken":101912572
,"Magic_Damage_Taken_Average":7721.2343359345405
,"Minions_Killed":1108822
,"Minions_Killed_Average":84.00803091143268
,"Neutral_Minion_Killed":557153
,"Neutral_Minion_Killed_Average":42.2117584665505
,"Neutral_Minion_Killed_Enemy_Jungle":114384
,"Neutral_Minion_Killed_Enemy_Jungle_Average":8.66611106902038
,"Pentakills":29
,"Pentakills_Average":0.0021971361466777786
,"Physical_Damage_Dealt_To_Champion":189838441
,"Physical_Damage_Dealt_To_Champion_Average":14382.789681036442
,"Physical_Damage_Dealt":1481803616
,"Physical_Damage_Dealt_Average":112266.35472384271
,"Physical_Damage_Taken":268239526
,"Physical_Damage_Taken_Average":20322.715811803926
,"Total_Damage_Dealt":1862394970
,"Total_Damage_Dealt_Average":141101.21751647853
,"Total_Damage_Dealt_To_Champion":223559923
,"Total_Damage_Dealt_To_Champion_Average":16937.640957648306
,"Total_Damage_Taken":381922127
,"Total_Damage_Taken_Average":28935.68656716418
,"Total_Heal":57807618
,"Total_Heal_Average":4379.696795211758
,"Total_Time_Crowd_Control_Dealt":7943522
,"Total_Time_Crowd_Control_Dealt_Average":601.8275626941435
,"Tower_Kills":8999
,"Tower_Kills_Average":0.6817940753087355
,"True_Damage_Dealt_To_Champion":9611009
,"True_Damage_Dealt_To_Champion_Average":728.1619062050155
,"True_Damage_Dealt":113592687
,"True_Damage_Dealt_Average":8606.158572619137
,"True_Damage_Taken":11761606
,"True_Damage_Taken_Average":891.0982650200773
,"Sight_Wards_Bought":4068
,"Sight_Wards_Bought_Average":0.30820516705811046
,"Vision_Wards_Bought":3067
,"Vision_Wards_Bought_Average":0.23236608834002576
,"Total_Wards_Bought":0.5405712553981362
,"Wards_Placed":71906
,"Wards_Placed_Average":5.447836957345253
,"Wards_Killed":8811
,"WardsKilled_Average":0.6675505720130313
,"Win":6294
,"Win_Rate":0.4768543071444806
,"lose":6905
,"Lose_Rate":0.5231456928555194

}



"Items" = {

	"one" : {
		"name" : "Ravenous Hydra",
		"percentages" : "66.05%",
		"win" : "52.56%",
	},
	"two" : {
		"name" : "Youmuu’s Ghostblade",
		"percentages" :"47.38%" ,
		"win" : "55.85%",
	},
	"three" : {
		"name" : "Last Whisper",
		"percentages" : "18.00%",
		"win" : "59.30%",
	},
	"four" : {
		"name" : "Blade of the Ruined King",
		"percentages" : "14.37%",
		"win" : "54.71%",
	},
	"five" : {
		"name" : "Flesheater",
		"percentages" : "12.37%",
		"win" : "50.52%",
	},
	"six" : {
		"name" : "Infinity Edge",
		"percentages" : "10.33%",
		"win" : "62.82%",
	},
	"seven" : {
		"name" : "",
		"percentages" : "7.97%",
		"win" : "%",
	},
	"eight" : {
		"name" : "Randuin’s Omen",
		"percentages" : "%",
		"win" : "50.76%",
	},
	"nine" : {
		"name" : "Typhoon Claws",
		"percentages" : "6.22%",
		"win" : "51.40%",
	},
	"ten" : {
		"name" : "Mirage Blade",
		"percentages" : "5.71%",
		"win" : "57.55%",
	},

}
}