{"champion" = {
	"Pick_Time":10766
,"Ban_Rate":0.025459297201840904
,"Ban_Rate_Game":0.1508
,"Ban_Time":15080
,"Pick_Rate":0.10766
,"Assists_Rate":5.243265836893925
,"Assists":56449
,"Death_Rate":7.010031580902842
,"Death":75470
,"Kills_Rate":7.596135983652238
,"Kills":81780
,"KDA":1.83157546044786
,"Gold_Earned":121343926
,"Gold_Earned_Average":11271.031580902842
,"Gold_Spent":112193806
,"Gold_Spent_Average":10421.122608211035
,"First_Blood_Assist":0
,"First_Blood_Assist_Average":0
,"First_Blood_Kill":1670
,"First_Blood_Average":0.15511796396061675
,"First_Inhibitor_Assist":1238
,"First_Inhibitor_Assist_Average":0.11499164034924764
,"First_Inhibitor_Kill":690
,"First_Inhibitor_Kill_Average":0.06409065576815902
,"First_Tower_Kill":1211
,"First_Tower_Kill_Average":0.11248374512353707
,"First_Tower_Assist":235
,"First_Tower_Assist_Average":0.021827976964517926
,"Largest_Killing_Spree":34568
,"Largest_Killing_Spree_Average":3.210848968976407
,"Largest_Multu_Kill":16387
,"Largest_Multi_Kill_Average":1.5221066319895968
,"Largest_Critical_Strike":2585
,"Total_Crit_Average":286.60328812929595
,"Total_Crit":3085571
,"Magic_Damage_Dealt_To_Champion_Average":59.64490061304105
,"Magic_Damage_Dealt_To_Champion":642137
,"Magic_Damage_Dealt":6779985
,"Magic_Damage_Dealt_Average":629.7589634033067
,"Magic_Damage_Taken":80218150
,"Magic_Damage_Taken_Average":7451.063533345718
,"Minions_Killed":1490023
,"Minions_Killed_Average":138.4007988110719
,"Neutral_Minion_Killed":152069
,"Neutral_Minion_Killed_Average":14.12493033624373
,"Neutral_Minion_Killed_Enemy_Jungle":52764
,"Neutral_Minion_Killed_Enemy_Jungle_Average":4.900984581088612
,"Pentakills":25
,"Pentakills_Average":0.0023221252089912687
,"Physical_Damage_Dealt_To_Champion":174605089
,"Physical_Damage_Dealt_To_Champion_Average":16218.195151402564
,"Physical_Damage_Dealt":1442785368
,"Physical_Damage_Dealt_Average":134013.1309678618
,"Physical_Damage_Taken":176989486
,"Physical_Damage_Taken_Average":16439.66988668029
,"Total_Damage_Dealt":1479425817
,"Total_Damage_Dealt_Average":137416.47937952814
,"Total_Damage_Dealt_To_Champion":180455715
,"Total_Damage_Dealt_To_Champion_Average":16761.630596321753
,"Total_Damage_Taken":266760849
,"Total_Damage_Taken_Average":24778.083689392533
,"Total_Heal":22471345
,"Total_Heal_Average":2087.251068177596
,"Total_Time_Crowd_Control_Dealt":3982170
,"Total_Time_Crowd_Control_Dealt_Average":369.88389373955044
,"Tower_Kills":10698
,"Tower_Kills_Average":0.9936838194315437
,"True_Damage_Dealt_To_Champion":5207101
,"True_Damage_Dealt_To_Champion_Average":483.6616199145458
,"True_Damage_Dealt":29857846
,"True_Damage_Dealt_Average":2773.346275311165
,"True_Damage_Taken":9545545
,"True_Damage_Taken_Average":886.6380271224224
,"Sight_Wards_Bought":3548
,"Sight_Wards_Bought_Average":0.3295560096600409
,"Vision_Wards_Bought":2368
,"Vision_Wards_Bought_Average":0.219951699795653
,"Total_Wards_Bought":0.5495077094556938
,"Wards_Placed":63782
,"Wards_Placed_Average":5.924391603195244
,"Wards_Killed":3355
,"WardsKilled_Average":0.3116292030466283
,"Win":5177
,"Win_Rate":0.48086568827791193
,"lose":5589
,"Lose_Rate":0.519134311722088

}




"Items" = {

	"one" : {
		"name" : "Ravenous Hydra",
		"percentages" : "77.67%",
		"win" : "52.69%",
	},
	"two" : {
		"name" : "Last Whisper",
		"percentages" :"31.89%" ,
		"win" : "58.29%",
	},
	"three" : {
		"name" : "The Black Cleaver",
		"percentages" : "30.90%",
		"win" : "55.81%",
	},
	"four" : {
		"name" : "Youmuu’s Ghostblade",
		"percentages" : "24.85%",
		"win" : "57.66%",
	},
	"five" : {
		"name" : "Flesheater",
		"percentages" : "18.09%",
		"win" : "50.51%",
	},
	"six" : {
		"name" : "The Bloodthirster",
		"percentages" : "11.63%",
		"win" : "61.93%",
	},
	"seven" : {
		"name" : "Randuin’s Omen",
		"percentages" : "8.18%",
		"win" : "51.19%",
	},
	"eight" : {
		"name" : "Mirage Blade",
		"percentages" : "5.75%",
		"win" : "55.00%",
	},
	"nine" : {
		"name" : "Ruby Sightstone",
		"percentages" : "5.14%",
		"win" : "40.61%",
	},
	"ten" : {
		"name" : "Guardian Angel",
		"percentages" : "3.76%",
		"win" : "61.23%",
	},

}
}