{"champion" = {
	"Pick_Time":2464
,"Ban_Rate":0.0008964779054494377
,"Ban_Rate_Game":0.00531
,"Ban_Time":531
,"Pick_Rate":0.02464
,"Assists_Rate":7.3039772727272725
,"Assists":17997
,"Death_Rate":6.521915584415584
,"Death":16070
,"Kills_Rate":6.832386363636363
,"Kills":16835
,"KDA":2.167517112632234
,"Gold_Earned":25649171
,"Gold_Earned_Average":10409.566152597403
,"Gold_Spent":23854351
,"Gold_Spent_Average":9681.148944805194
,"First_Blood_Assist":0
,"First_Blood_Assist_Average":0
,"First_Blood_Kill":296
,"First_Blood_Average":0.12012987012987013
,"First_Inhibitor_Assist":332
,"First_Inhibitor_Assist_Average":0.13474025974025974
,"First_Inhibitor_Kill":84
,"First_Inhibitor_Kill_Average":0.03409090909090909
,"First_Tower_Kill":168
,"First_Tower_Kill_Average":0.06818181818181818
,"First_Tower_Assist":55
,"First_Tower_Assist_Average":0.022321428571428572
,"Largest_Killing_Spree":7620
,"Largest_Killing_Spree_Average":3.0925324675324677
,"Largest_Multu_Kill":3671
,"Largest_Multi_Kill_Average":1.489853896103896
,"Largest_Critical_Strike":681
,"Total_Crit_Average":2.0219155844155843
,"Total_Crit":4982
,"Magic_Damage_Dealt_To_Champion_Average":19046.566964285714
,"Magic_Damage_Dealt_To_Champion":46930741
,"Magic_Damage_Dealt":211436520
,"Magic_Damage_Dealt_Average":85810.27597402598
,"Magic_Damage_Taken":19934944
,"Magic_Damage_Taken_Average":8090.480519480519
,"Minions_Killed":288128
,"Minions_Killed_Average":116.93506493506493
,"Neutral_Minion_Killed":9349
,"Neutral_Minion_Killed_Average":3.794237012987013
,"Neutral_Minion_Killed_Enemy_Jungle":3413
,"Neutral_Minion_Killed_Enemy_Jungle_Average":1.385146103896104
,"Pentakills":4
,"Pentakills_Average":0.0016233766233766235
,"Physical_Damage_Dealt_To_Champion":3036951
,"Physical_Damage_Dealt_To_Champion_Average":1232.528814935065
,"Physical_Damage_Dealt":44661328
,"Physical_Damage_Dealt_Average":18125.53896103896
,"Physical_Damage_Taken":38059387
,"Physical_Damage_Taken_Average":15446.179788961039
,"Total_Damage_Dealt":257588729
,"Total_Damage_Dealt_Average":104540.88027597402
,"Total_Damage_Dealt_To_Champion":50609745
,"Total_Damage_Dealt_To_Champion_Average":20539.669237012986
,"Total_Damage_Taken":60129997
,"Total_Damage_Taken_Average":24403.407873376622
,"Total_Heal":3981906
,"Total_Heal_Average":1616.0332792207791
,"Total_Time_Crowd_Control_Dealt":2791523
,"Total_Time_Crowd_Control_Dealt_Average":1132.9232954545455
,"Tower_Kills":1441
,"Tower_Kills_Average":0.5848214285714286
,"True_Damage_Dealt_To_Champion":640768
,"True_Damage_Dealt_To_Champion_Average":260.05194805194805
,"True_Damage_Dealt":1489604
,"True_Damage_Dealt_Average":604.547077922078
,"True_Damage_Taken":2133841
,"True_Damage_Taken_Average":866.0068993506494
,"Sight_Wards_Bought":1417
,"Sight_Wards_Bought_Average":0.5750811688311688
,"Vision_Wards_Bought":814
,"Vision_Wards_Bought_Average":0.33035714285714285
,"Total_Wards_Bought":0.9054383116883117
,"Wards_Placed":16343
,"Wards_Placed_Average":6.632711038961039
,"Wards_Killed":717
,"WardsKilled_Average":0.2909902597402597
,"Win":1198
,"Win_Rate":0.4862012987012987
,"lose":1266
,"Lose_Rate":0.5137987012987013

}




"Items" = {

	"one" : {
		"name" : "Liandry’s Torment",
		"percentages" : "69.15%",
		"win" : "51.93%",
	},
	"two" : {
		"name" : "Zhonya’s Hourglass",
		"percentages" :"56.65%" ,
		"win" : "52.43%",
	},
	"three" : {
		"name" : "Rylai’s Crystal Scepter",
		"percentages" : "28.24%",
		"win" : "56.75%",
	},
	"four" : {
		"name" : "Trickster’s Glass",
		"percentages" : "16.72%",
		"win" : "50.72%",
	},
	"five" : {
		"name" : "Abyssal Scepter",
		"percentages" : "12.94%",
		"win" : "52.97%",
	},
	"six" : {
		"name" : "Rabadon’s Deathcap",
		"percentages" : "12.58%",
		"win" : "59.35%",
	},
	"seven" : {
		"name" : "Void Staff",
		"percentages" : "10.59%",
		"win" : "59.38%",
	},
	"eight" : {
		"name" : "Ruby Sightstone",
		"percentages" : "5.23%",
		"win" : "51.16%",
	},
	"nine" : {
		"name" : "Luden’s Echo",
		"percentages" : "2.06%",
		"win" : "52.94%",
	},
	"ten" : {
		"name" : "Pox Arcana",
		"percentages" : "1.98%",
		"win" : "57.14%",
	},

}
}