{"champion" = {
	"Pick_Time":2342
,"Ban_Rate":0.005235363436532403
,"Ban_Rate_Game":0.03101
,"Ban_Time":3101
,"Pick_Rate":0.02342
,"Assists_Rate":5.920153714773698
,"Assists":13865
,"Death_Rate":7.2053800170794196
,"Death":16875
,"Kills_Rate":5.067036720751495
,"Kills":11867
,"KDA":1.5248592592592594
,"Gold_Earned":22624385
,"Gold_Earned_Average":9660.283945345858
,"Gold_Spent":20839945
,"Gold_Spent_Average":8898.353970964987
,"First_Blood_Assist":0
,"First_Blood_Assist_Average":0
,"First_Blood_Kill":191
,"First_Blood_Average":0.08155422715627669
,"First_Inhibitor_Assist":270
,"First_Inhibitor_Assist_Average":0.11528608027327071
,"First_Inhibitor_Kill":73
,"First_Inhibitor_Kill_Average":0.03116994022203245
,"First_Tower_Kill":102
,"First_Tower_Kill_Average":0.04355251921434671
,"First_Tower_Assist":49
,"First_Tower_Assist_Average":0.020922288642186166
,"Largest_Killing_Spree":4869
,"Largest_Killing_Spree_Average":2.078992314261315
,"Largest_Multu_Kill":2935
,"Largest_Multi_Kill_Average":1.253202391118702
,"Largest_Critical_Strike":1053
,"Total_Crit_Average":4.533731853116994
,"Total_Crit":10618
,"Magic_Damage_Dealt_To_Champion_Average":13933.036293766012
,"Magic_Damage_Dealt_To_Champion":32631171
,"Magic_Damage_Dealt":177959165
,"Magic_Damage_Dealt_Average":75985.97993168232
,"Magic_Damage_Taken":19743566
,"Magic_Damage_Taken_Average":8430.216054654142
,"Minions_Killed":261030
,"Minions_Killed_Average":111.45602049530316
,"Neutral_Minion_Killed":12889
,"Neutral_Minion_Killed_Average":5.503415883859949
,"Neutral_Minion_Killed_Enemy_Jungle":3757
,"Neutral_Minion_Killed_Enemy_Jungle_Average":1.6041844577284372
,"Pentakills":2
,"Pentakills_Average":0.0008539709649871904
,"Physical_Damage_Dealt_To_Champion":3630850
,"Physical_Damage_Dealt_To_Champion_Average":1550.3202391118703
,"Physical_Damage_Dealt":44500185
,"Physical_Damage_Dealt_Average":19000.932963279247
,"Physical_Damage_Taken":32097834
,"Physical_Damage_Taken_Average":13705.309137489325
,"Total_Damage_Dealt":223790175
,"Total_Damage_Dealt_Average":95555.15584970111
,"Total_Damage_Dealt_To_Champion":36986973
,"Total_Damage_Dealt_To_Champion_Average":15792.90051238258
,"Total_Damage_Taken":53579642
,"Total_Damage_Taken_Average":22877.729291204098
,"Total_Heal":2421012
,"Total_Heal_Average":1033.736976942784
,"Total_Time_Crowd_Control_Dealt":827076
,"Total_Time_Crowd_Control_Dealt_Average":353.14944491887275
,"Tower_Kills":1266
,"Tower_Kills_Average":0.5405636208368916
,"True_Damage_Dealt_To_Champion":723737
,"True_Damage_Dealt_To_Champion_Average":309.0251921434671
,"True_Damage_Dealt":1329592
,"True_Damage_Dealt_Average":567.7164816396242
,"True_Damage_Taken":1736665
,"True_Damage_Taken_Average":741.5307429547396
,"Sight_Wards_Bought":813
,"Sight_Wards_Bought_Average":0.3471391972672929
,"Vision_Wards_Bought":493
,"Vision_Wards_Bought_Average":0.21050384286934246
,"Total_Wards_Bought":0.5576430401366353
,"Wards_Placed":13056
,"Wards_Placed_Average":5.574722459436379
,"Wards_Killed":571
,"WardsKilled_Average":0.24380871050384287
,"Win":997
,"Win_Rate":0.4257045260461144
,"lose":1345
,"Lose_Rate":0.5742954739538856

}




"Items" = {

	"one" : {
		"name" : "Rod of Ages",
		"percentages" : "77.66%",
		"win" : "47.55%",
	},
	"two" : {
		"name" : "Seraph’s Embrace",
		"percentages" :"44.06%" ,
		"win" : "51.35%",
	},
	"three" : {
		"name" : "Frozen Heart",
		"percentages" : "13.79%",
		"win" : "55.41%",
	},
	"four" : {
		"name" : "Archangel’s Staff",
		"percentages" : "9.60%",
		"win" : "47.11%",
	},
	"five" : {
		"name" : "Rabadon’s Deathcap",
		"percentages" : "9.30%",
		"win" : "56.88%",
	},
	"six" : {
		"name" : "Void Staff",
		"percentages" : "8.24%",
		"win" : "56.47%",
	},
	"seven" : {
		"name" : "Zhonya’s Hourglass",
		"percentages" : "7.00%",
		"win" : "51.82%",
	},
	"eight" : {
		"name" : "Abyssal Scepter",
		"percentages" : "6.36%",
		"win" : "48.32%",
	},
	"nine" : {
		"name" : "Trickster’s Glass",
		"percentages" : "5.33%",
		"win" : "53.60%",
	},
	"ten" : {
		"name" : "Pox Arcana",
		"percentages" : "4.91%",
		"win" : "45.21%",
	},

}
}