{"champion" = {
	"Pick_Time":9175
,"Ban_Rate":0.008882053221411472
,"Ban_Rate_Game":0.05261
,"Ban_Time":5261
,"Pick_Rate":0.09175
,"Assists_Rate":6.406103542234332
,"Assists":58776
,"Death_Rate":6.4847956403269755
,"Death":59498
,"Kills_Rate":7.035313351498638
,"Kills":64549
,"KDA":2.0727587481932166
,"Gold_Earned":99415473
,"Gold_Earned_Average":10835.473896457766
,"Gold_Spent":91992761
,"Gold_Spent_Average":10026.458964577656
,"First_Blood_Assist":0
,"First_Blood_Assist_Average":0
,"First_Blood_Kill":1122
,"First_Blood_Average":0.12228882833787466
,"First_Inhibitor_Assist":716
,"First_Inhibitor_Assist_Average":0.07803814713896458
,"First_Inhibitor_Kill":563
,"First_Inhibitor_Kill_Average":0.061362397820163485
,"First_Tower_Kill":257
,"First_Tower_Kill_Average":0.02801089918256131
,"First_Tower_Assist":197
,"First_Tower_Assist_Average":0.021471389645776568
,"Largest_Killing_Spree":27454
,"Largest_Killing_Spree_Average":2.9922615803814714
,"Largest_Multu_Kill":12350
,"Largest_Multi_Kill_Average":1.3460490463215258
,"Largest_Critical_Strike":2605
,"Total_Crit_Average":568.8932970027248
,"Total_Crit":5219596
,"Magic_Damage_Dealt_To_Champion_Average":8334.946158038147
,"Magic_Damage_Dealt_To_Champion":76473131
,"Magic_Damage_Dealt":318832316
,"Magic_Damage_Dealt_Average":34750.116185286104
,"Magic_Damage_Taken":62878266
,"Magic_Damage_Taken_Average":6853.217002724796
,"Minions_Killed":451118
,"Minions_Killed_Average":49.16817438692098
,"Neutral_Minion_Killed":398436
,"Neutral_Minion_Killed_Average":43.42626702997275
,"Neutral_Minion_Killed_Enemy_Jungle":90756
,"Neutral_Minion_Killed_Enemy_Jungle_Average":9.8916621253406
,"Pentakills":6
,"Pentakills_Average":0.0006539509536784741
,"Physical_Damage_Dealt_To_Champion":56894374
,"Physical_Damage_Dealt_To_Champion_Average":6201.021689373297
,"Physical_Damage_Dealt":673765413
,"Physical_Damage_Dealt_Average":73434.92239782016
,"Physical_Damage_Taken":158816590
,"Physical_Damage_Taken_Average":17309.71008174387
,"Total_Damage_Dealt":1081133803
,"Total_Damage_Dealt_Average":117834.74692098092
,"Total_Damage_Dealt_To_Champion":143092680
,"Total_Damage_Dealt_To_Champion_Average":15595.93242506812
,"Total_Damage_Taken":226946028
,"Total_Damage_Taken_Average":24735.261907356948
,"Total_Heal":17245387
,"Total_Heal_Average":1879.60621253406
,"Total_Time_Crowd_Control_Dealt":8615844
,"Total_Time_Crowd_Control_Dealt_Average":939.0565667574932
,"Tower_Kills":4897
,"Tower_Kills_Average":0.533732970027248
,"True_Damage_Dealt_To_Champion":9719850
,"True_Damage_Dealt_To_Champion_Average":1059.384196185286
,"True_Damage_Dealt":88530373
,"True_Damage_Dealt_Average":9649.08697547684
,"True_Damage_Taken":5245520
,"True_Damage_Taken_Average":571.7188010899182
,"Sight_Wards_Bought":2014
,"Sight_Wards_Bought_Average":0.21950953678474114
,"Vision_Wards_Bought":2037
,"Vision_Wards_Bought_Average":0.22201634877384196
,"Total_Wards_Bought":0.44152588555858313
,"Wards_Placed":50734
,"Wards_Placed_Average":5.529591280653951
,"Wards_Killed":7603
,"WardsKilled_Average":0.8286648501362398
,"Win":4359
,"Win_Rate":0.47509536784741146
,"lose":4816
,"Lose_Rate":0.5249046321525885

}




"Items" = {

	"one" : {
		"name" : "Ravenous Hydra",
		"percentages" : "48.78%",
		"win" : "52.94%",
	},
	"two" : {
		"name" : "Statikk Shiv",
		"percentages" :"31.12%" ,
		"win" : "52.03%",
	},
	"three" : {
		"name" : "Infinity Edge",
		"percentages" : "19.55%",
		"win" : "59.19%",
	},
	"four" : {
		"name" : "Luden’s Echo",
		"percentages" : "9.94%",
		"win" : "49.89%",
	},
	"five" : {
		"name" : "Last Whisper",
		"percentages" : "8.40%",
		"win" : "57.32%",
	},
	"six" : {
		"name" : "Trickster’s Glass",
		"percentages" : "6.53%",
		"win" : "52.50%",
	},
	"seven" : {
		"name" : "Flesheater",
		"percentages" : "6.07%",
		"win" : "47.93%",
	},
	"eight" : {
		"name" : "Blade of the Ruined King",
		"percentages" : "5.60%",
		"win" : "51.94%",
	},
	"nine" : {
		"name" : "Youmuu’s Ghostblade",
		"percentages" : "5.54%",
		"win" : "50.29%",
	},
	"ten" : {
		"name" : "Mirage Blade",
		"percentages" : "5.50%",
		"win" : "50.09%",
	},

}
}