{"champion" = {
	"Pick_Time":9811
,"Ban_Rate":0.02030159475146796
,"Ban_Rate_Game":0.12025
,"Ban_Time":12025
,"Pick_Rate":0.09811
,"Assists_Rate":6.804912852920191
,"Assists":66763
,"Death_Rate":5.689939863418612
,"Death":55824
,"Kills_Rate":6.747528284578534
,"Kills":66200
,"KDA":2.3818250214961307
,"Gold_Earned":121170492
,"Gold_Earned_Average":12350.473142391194
,"Gold_Spent":110815468
,"Gold_Spent_Average":11295.022729589236
,"First_Blood_Assist":0
,"First_Blood_Assist_Average":0
,"First_Blood_Kill":672
,"First_Blood_Average":0.0684945469371114
,"First_Inhibitor_Assist":1168
,"First_Inhibitor_Assist_Average":0.11905004586688411
,"First_Inhibitor_Kill":719
,"First_Inhibitor_Kill_Average":0.0732850881663439
,"First_Tower_Kill":494
,"First_Tower_Kill_Average":0.05035164611150749
,"First_Tower_Assist":225
,"First_Tower_Assist_Average":0.022933442054836408
,"Largest_Killing_Spree":31159
,"Largest_Killing_Spree_Average":3.1759249821628783
,"Largest_Multu_Kill":14343
,"Largest_Multi_Kill_Average":1.4619304861889715
,"Largest_Critical_Strike":1635
,"Total_Crit_Average":97.35898481296503
,"Total_Crit":955189
,"Magic_Damage_Dealt_To_Champion_Average":9117.026297013555
,"Magic_Damage_Dealt_To_Champion":89447145
,"Magic_Damage_Dealt":939454667
,"Magic_Damage_Dealt_Average":95755.24075017837
,"Magic_Damage_Taken":82081292
,"Magic_Damage_Taken_Average":8366.25135052492
,"Minions_Killed":787733
,"Minions_Killed_Average":80.29079604525532
,"Neutral_Minion_Killed":649633
,"Neutral_Minion_Killed_Average":66.2147589440424
,"Neutral_Minion_Killed_Enemy_Jungle":143297
,"Neutral_Minion_Killed_Enemy_Jungle_Average":14.605748649475078
,"Pentakills":12
,"Pentakills_Average":0.0012231169095912751
,"Physical_Damage_Dealt_To_Champion":71528802
,"Physical_Damage_Dealt_To_Champion_Average":7290.673937417185
,"Physical_Damage_Dealt":661004084
,"Physical_Damage_Dealt_Average":67373.77270410763
,"Physical_Damage_Taken":211800670
,"Physical_Damage_Taken_Average":21588.081744980125
,"Total_Damage_Dealt":1695953997
,"Total_Damage_Dealt_Average":172862.50096830088
,"Total_Damage_Dealt_To_Champion":170017791
,"Total_Damage_Dealt_To_Champion_Average":17329.302925287942
,"Total_Damage_Taken":305124593
,"Total_Damage_Taken_Average":31100.25410253797
,"Total_Heal":28585926
,"Total_Heal_Average":2913.6607889104066
,"Total_Time_Crowd_Control_Dealt":7204915
,"Total_Time_Crowd_Control_Dealt_Average":734.3711140556518
,"Tower_Kills":7888
,"Tower_Kills_Average":0.8039955152379982
,"True_Damage_Dealt_To_Champion":9036180
,"True_Damage_Dealt_To_Champion_Average":921.025379675874
,"True_Damage_Dealt":95490569
,"True_Damage_Dealt_Average":9733.010804199368
,"True_Damage_Taken":11236242
,"True_Damage_Taken_Average":1145.269799204974
,"Sight_Wards_Bought":4169
,"Sight_Wards_Bought_Average":0.42493119967383547
,"Vision_Wards_Bought":3516
,"Vision_Wards_Bought_Average":0.3583732545102436
,"Total_Wards_Bought":0.7833044541840791
,"Wards_Placed":61035
,"Wards_Placed_Average":6.221078381408623
,"Wards_Killed":8811
,"WardsKilled_Average":0.8980735908673937
,"Win":5154
,"Win_Rate":0.5253287126694527
,"lose":4657
,"Lose_Rate":0.47467128733054736

}



"Items" = {

	"one" : {
		"name" : "Blade of the Ruined King",
		"percentages" : "58.10%",
		"win" : "59.93%",
	},
	"two" : {
		"name" : "Sunfire Cape",
		"percentages" :"34.59%" ,
		"win" : "55.53%",
	},
	"three" : {
		"name" : "Randuin’s Omen",
		"percentages" : "27.05%",
		"win" : "55.31%",
	},
	"four" : {
		"name" : "Spirit Visage",
		"percentages" : "24.85%",
		"win" : "55.84%",
	},
	"five" : {
		"name" : "Ravenous Hydra",
		"percentages" : "14.42%",
		"win" : "60.63%",
	},
	"six" : {
		"name" : "Dead Man’s Plate",
		"percentages" : "13.82%",
		"win" : "61.20%",
	},
	"seven" : {
		"name" : "Thornmail",
		"percentages" : "11.37%",
		"win" : "49.55%",
	},
	"eight" : {
		"name" : "Trinity Force",
		"percentages" : "10.08%",
		"win" : "63.09%",
	},
	"nine" : {
		"name" : "Ruby Sightstone",
		"percentages" : "8.40%",
		"win" : "43.51%",
	},
	"ten" : {
		"name" : "Banshee’s Veil",
		"percentages" : "7.44%",
		"win" : "54.10%",
	},

}
}