{"champion" : {
	"Pick_Time":1500
,"Ban_Rate":0.0003562275669488349
,"Ban_Rate_Game":0.00211
,"Ban_Time":211
,"Pick_Rate":0.015
,"Assists_Rate":9.144666666666666
,"Assists":13717
,"Death_Rate":5.463333333333333
,"Death":8195
,"Kills_Rate":5.654
,"Kills":8481
,"KDA":2.7087248322147652
,"Gold_Earned":17081127
,"Gold_Earned_Average":11387.418
,"Gold_Spent":15758874
,"Gold_Spent_Average":10505.916
,"First_Blood_Assist":0
,"First_Blood_Assist_Average":0
,"First_Blood_Kill":87
,"First_Blood_Average":0.058
,"First_Inhibitor_Assist":201
,"First_Inhibitor_Assist_Average":0.134
,"First_Inhibitor_Kill":65
,"First_Inhibitor_Kill_Average":0.043333333333333335
,"First_Tower_Kill":32
,"First_Tower_Kill_Average":0.021333333333333333
,"First_Tower_Assist":45
,"First_Tower_Assist_Average":0.03
,"Largest_Killing_Spree":4135
,"Largest_Killing_Spree_Average":2.756666666666667
,"Largest_Multu_Kill":1974
,"Largest_Multi_Kill_Average":1.316
,"Largest_Critical_Strike":1439
,"Total_Crit_Average":204.83866666666665
,"Total_Crit":307258
,"Magic_Damage_Dealt_To_Champion_Average":5753.910666666667
,"Magic_Damage_Dealt_To_Champion":8630866
,"Magic_Damage_Dealt":79659115
,"Magic_Damage_Dealt_Average":53106.07666666667
,"Magic_Damage_Taken":12021740
,"Magic_Damage_Taken_Average":8014.493333333333
,"Minions_Killed":75516
,"Minions_Killed_Average":50.344
,"Neutral_Minion_Killed":89663
,"Neutral_Minion_Killed_Average":59.775333333333336
,"Neutral_Minion_Killed_Enemy_Jungle":14955
,"Neutral_Minion_Killed_Enemy_Jungle_Average":9.97
,"Pentakills":1
,"Pentakills_Average":0.0006666666666666666
,"Physical_Damage_Dealt_To_Champion":8589632
,"Physical_Damage_Dealt_To_Champion_Average":5726.421333333334
,"Physical_Damage_Dealt":105128690
,"Physical_Damage_Dealt_Average":70085.79333333333
,"Physical_Damage_Taken":29982352
,"Physical_Damage_Taken_Average":19988.234666666667
,"Total_Damage_Dealt":201332835
,"Total_Damage_Dealt_Average":134221.89
,"Total_Damage_Dealt_To_Champion":18746168
,"Total_Damage_Dealt_To_Champion_Average":12497.445333333333
,"Total_Damage_Taken":43356509
,"Total_Damage_Taken_Average":28904.339333333333
,"Total_Heal":3408256
,"Total_Heal_Average":2272.170666666667
,"Total_Time_Crowd_Control_Dealt":1771638
,"Total_Time_Crowd_Control_Dealt_Average":1181.092
,"Tower_Kills":799
,"Tower_Kills_Average":0.5326666666666666
,"True_Damage_Dealt_To_Champion":1524806
,"True_Damage_Dealt_To_Champion_Average":1016.5373333333333
,"True_Damage_Dealt":16544067
,"True_Damage_Dealt_Average":11029.378
,"True_Damage_Taken":1351292
,"True_Damage_Taken_Average":900.8613333333333
,"sight_Wards_Bought":490
,"sight_Wards_Bought_Average":0.32666666666666666
,"Vision_Wards_Bought":411
,"Vision_Wards_Bought_Average":0.274
,"Total_Wards_Bought":0.6006666666666667
,"Wards_Placed":9431
,"Wards_Placed_Average":6.287333333333334
,"Wards_Killed":1148
,"WardsKilled_Average":0.7653333333333333
,"Win":776
,"Win_Rate":0.5173333333333333
,"lose":724
,"Lose_Rate":0.4826666666666667

}



"Items" : {

	"one" : {
		"name" : "Trinity Force",
		"percentages" : "33.13%",
		"win" : "57.74%",
	},
	"two" : {
		"name" : "Iceborn Gauntlet",
		"percentages" :"30.60%" ,
		"win" : "58.38%",
	},
	"three" : {
		"name" : "Frozen Heart",
		"percentages" : "20.13%",
		"win" : "53.97%",
	},
	"four" : {
		"name" : "Dead Man’s Plate",
		"percentages" : "20.00%",
		"win" : "62.33%",
	},
	"five" : {
		"name" : "Righteous Glory",
		"percentages" : "14.86%",
		"win" : "55.60%",
	},
	"six" : {
		"name" : "Wit’s End",
		"percentages" : "10.06%",
		"win" : "60.26%",
	},
	"seven" : {
		"name" : "Randuin’s Omen",
		"percentages" : "9.06%",
		"win" : "52.94%",
	},
	"eight" : {
		"name" : "Ruby Sightstone",
		"percentages" : "8.86%",
		"win" : "42.85%",
	},
	"nine" : {
		"name" : "Thornmail",
		"percentages" : "6.73%",
		"win" : "41.58%",
	},
	"ten" : {
		"name" : "spirit Visage",
		"percentages" : "6.33%",
		"win" : "48.42%",
	},

}
}