{"champion" = {
	"Pick_Time":6794
,"Ban_Rate":0.0023348944317072924
,"Ban_Rate_Game":0.01383
,"Ban_Time":1383
,"Pick_Rate":0.06794
,"Assists_Rate":13.747129820429791
,"Assists":93398
,"Death_Rate":5.67942302031204
,"Death":38586
,"Kills_Rate":1.563879894024139
,"Kills":10625
,"KDA":2.6958741512465663
,"Gold_Earned":61069653
,"Gold_Earned_Average":8988.7625846335
,"Gold_Spent":55422122
,"Gold_Spent_Average":8157.509861642626
,"First_Blood_Assist":0
,"First_Blood_Assist_Average":0
,"First_Blood_Kill":215
,"First_Blood_Average":0.03164556962025317
,"First_Inhibitor_Assist":1437
,"First_Inhibitor_Assist_Average":0.21151015602001766
,"First_Inhibitor_Kill":160
,"First_Inhibitor_Kill_Average":0.023550191345304682
,"First_Tower_Kill":239
,"First_Tower_Kill_Average":0.035178098322048865
,"First_Tower_Assist":776
,"First_Tower_Assist_Average":0.1142184280247277
,"Largest_Killing_Spree":3757
,"Largest_Killing_Spree_Average":0.5529879305269355
,"Largest_Multu_Kill":4837
,"Largest_Multi_Kill_Average":0.7119517221077422
,"Largest_Critical_Strike":1330
,"Total_Crit_Average":365.4081542537533
,"Total_Crit":2482583
,"Magic_Damage_Dealt_To_Champion_Average":6478.047983514866
,"Magic_Damage_Dealt_To_Champion":44011858
,"Magic_Damage_Dealt":178694595
,"Magic_Damage_Dealt_Average":26301.82440388578
,"Magic_Damage_Taken":42379078
,"Magic_Damage_Taken_Average":6237.72122460995
,"Minions_Killed":172898
,"Minions_Killed_Average":25.448631145128054
,"Neutral_Minion_Killed":6476
,"Neutral_Minion_Killed_Average":0.9531939947012069
,"Neutral_Minion_Killed_Enemy_Jungle":2357
,"Neutral_Minion_Killed_Enemy_Jungle_Average":0.3469237562555196
,"Pentakills":0
,"Pentakills_Average":0
,"Physical_Damage_Dealt_To_Champion":6971883
,"Physical_Damage_Dealt_To_Champion_Average":1026.1823667942301
,"Physical_Damage_Dealt":54656305
,"Physical_Damage_Dealt_Average":8044.790256108331
,"Physical_Damage_Taken":62805815
,"Physical_Damage_Taken_Average":9244.306005298793
,"Total_Damage_Dealt":234609470
,"Total_Damage_Dealt_Average":34531.86193700324
,"Total_Damage_Dealt_To_Champion":51462216
,"Total_Damage_Dealt_To_Champion_Average":7574.656461583751
,"Total_Damage_Taken":108371244
,"Total_Damage_Taken_Average":15951.022078304386
,"Total_Heal":128824092
,"Total_Heal_Average":18961.450103032086
,"Total_Time_Crowd_Control_Dealt":2012128
,"Total_Time_Crowd_Control_Dealt_Average":296.1624963202826
,"Tower_Kills":1907
,"Tower_Kills_Average":0.28068884309685016
,"True_Damage_Dealt_To_Champion":475026
,"True_Damage_Dealt_To_Champion_Average":69.91845746246688
,"True_Damage_Dealt":1255109
,"True_Damage_Dealt_Average":184.7378569325876
,"True_Damage_Taken":3182158
,"True_Damage_Taken_Average":468.3776861937003
,"Sight_Wards_Bought":3688
,"Sight_Wards_Bought_Average":0.5428319105092729
,"Vision_Wards_Bought":3019
,"Vision_Wards_Bought_Average":0.4443626729467177
,"Total_Wards_Bought":0.9871945834559905
,"Wards_Placed":94536
,"Wards_Placed_Average":13.91463055637327
,"Wards_Killed":5185
,"WardsKilled_Average":0.7631733882837798
,"Win":3600
,"Win_Rate":0.5298793052693553
,"lose":3194
,"Lose_Rate":0.47012069473064466

}




"Items" = {

	"one" : {
		"name" : "Sightstone",
		"percentages" : "52.26%",
		"win" : "54.23%",
	},
	"two" : {
		"name" : "Talisman of Ascension",
		"percentages" :"48.32%" ,
		"win" : "55.46%",
	},
	"three" : {
		"name" : "Ardent Censer",
		"percentages" : "15.88%",
		"win" : "60.51%",
	},
	"four" : {
		"name" : "Rabadon’s Deathcap",
		"percentages" : "11.65%",
		"win" : "59.09%",
	},
	"five" : {
		"name" : "Globe of Trust",
		"percentages" : "10.11%",
		"win" : "54.14%",
	},
	"six" : {
		"name" : "Athene’s Unholy Grail",
		"percentages" : "8.94%",
		"win" : "55.92%",
	},
	"seven" : {
		"name" : "Frozen Heart",
		"percentages" : "7.80%",
		"win" : "56.79%",
	},
	"eight" : {
		"name" : "Trickster’s Glass",
		"percentages" : "7.77%",
		"win" : "59.28%",
	},
	"nine" : {
		"name" : "Warmog’s Armor",
		"percentages" : "7.00%",
		"win" : "61.34%",
	},
	"ten" : {
		"name" : "Locket of the Iron Solari",
		"percentages" : "6.88%",
		"win" : "58.97%",
	},

}
}