{"champion" : {
	"Pick_Time":2254
,"Ban_Rate":0.0011716679216231822
,"Ban_Rate_Game":0.00694
,"Ban_Time":694
,"Pick_Rate":0.02254
,"Assists_Rate":7.260869565217392
,"Assists":16366
,"Death_Rate":6.389086069210292
,"Death":14401
,"Kills_Rate":7.6144631765749775
,"Kills":17163
,"KDA":2.3282410943684466
,"Gold_Earned":23468137
,"Gold_Earned_Average":10411.773291925465
,"Gold_Spent":21573945
,"Gold_Spent_Average":9571.404170363798
,"First_Blood_Assist":0
,"First_Blood_Assist_Average":0
,"First_Blood_Kill":303
,"First_Blood_Average":0.1344276841171251
,"First_Inhibitor_Assist":331
,"First_Inhibitor_Assist_Average":0.1468500443655723
,"First_Inhibitor_Kill":135
,"First_Inhibitor_Kill_Average":0.05989352262644188
,"First_Tower_Kill":119
,"First_Tower_Kill_Average":0.052795031055900624
,"First_Tower_Assist":44
,"First_Tower_Assist_Average":0.019520851818988466
,"Largest_Killing_Spree":7683
,"Largest_Killing_Spree_Average":3.408606921029281
,"Largest_Multu_Kill":3282
,"Largest_Multi_Kill_Average":1.456078083407276
,"Largest_Critical_Strike":1584
,"Total_Crit_Average":3.7085181898846495
,"Total_Crit":8359
,"Magic_Damage_Dealt_To_Champion_Average":18744.65439219166
,"Magic_Damage_Dealt_To_Champion":42250451
,"Magic_Damage_Dealt":168779575
,"Magic_Damage_Dealt_Average":74880.02440106477
,"Magic_Damage_Taken":25704967
,"Magic_Damage_Taken_Average":11404.155723158829
,"Minions_Killed":225383
,"Minions_Killed_Average":99.9924578527063
,"Neutral_Minion_Killed":13288
,"Neutral_Minion_Killed_Average":5.895297249334517
,"Neutral_Minion_Killed_Enemy_Jungle":4202
,"Neutral_Minion_Killed_Enemy_Jungle_Average":1.8642413487133984
,"Pentakills":2
,"Pentakills_Average":0.0008873114463176575
,"Physical_Damage_Dealt_To_Champion":4339689
,"Physical_Damage_Dealt_To_Champion_Average":1925.3278615794143
,"Physical_Damage_Dealt":46621819
,"Physical_Damage_Dealt_Average":20684.036823425024
,"Physical_Damage_Taken":39879051
,"Physical_Damage_Taken_Average":17692.56921029281
,"Total_Damage_Dealt":217628576
,"Total_Damage_Dealt_Average":96552.16326530612
,"Total_Damage_Dealt_To_Champion":48157749
,"Total_Damage_Dealt_To_Champion_Average":21365.46095829636
,"Total_Damage_Taken":67931103
,"Total_Damage_Taken_Average":30138.02262644188
,"Total_Heal":25009930
,"Total_Heal_Average":11095.798580301685
,"Total_Time_Crowd_Control_Dealt":1392518
,"Total_Time_Crowd_Control_Dealt_Average":617.7985803016859
,"Tower_Kills":1445
,"Tower_Kills_Average":0.6410825199645075
,"True_Damage_Dealt_To_Champion":1566323
,"True_Damage_Dealt_To_Champion_Average":694.9081632653061
,"True_Damage_Dealt":2225843
,"True_Damage_Dealt_Average":987.5079858030168
,"True_Damage_Taken":2345630
,"True_Damage_Taken_Average":1040.6521739130435
,"sight_Wards_Bought":704
,"sight_Wards_Bought_Average":0.31233362910381546
,"Vision_Wards_Bought":358
,"Vision_Wards_Bought_Average":0.15882874889086068
,"Total_Wards_Bought":0.47116237799467614
,"Wards_Placed":13664
,"Wards_Placed_Average":6.062111801242236
,"Wards_Killed":630
,"WardsKilled_Average":0.2795031055900621
,"Win":1215
,"Win_Rate":0.5390417036379769
,"lose":1039
,"Lose_Rate":0.46095829636202307

}



"Items" : {

	"one" : {
		"name" : "Rod of Ages",
		"percentages" : "82.34%",
		"win" : "56.41%",
	},
	"two" : {
		"name" : "Zhonya’s Hourglass",
		"percentages" :"44.72%" ,
		"win" : "59.82%",
	},
	"three" : {
		"name" : "Liandry’s Torment",
		"percentages" : "15.12%",
		"win" : "65.10%",
	},
	"four" : {
		"name" : "Rabadon’s Deathcap",
		"percentages" : "14.46%",
		"win" : "67.17%",
	},
	"five" : {
		"name" : "spirit Visage",
		"percentages" : "12.55%",
		"win" : "57.24%",
	},
	"six" : {
		"name" : "Pox Arcana",
		"percentages" : "10.15%",
		"win" : "62.00%",
	},
	"seven" : {
		"name" : "Rylai’s Crystal Scepter",
		"percentages" : "8.74%",
		"win" : "68.02%",
	},
	"eight" : {
		"name" : "Netherstride Grimoire",
		"percentages" : "7.27%",
		"win" : "61.58%",
	},
	"nine" : {
		"name" : "Trickster’s Glass",
		"percentages" : "5.81%",
		"win" : "67.17%",
	},
	"ten" : {
		"name" : "Abyssal Scepter",
		"percentages" : "5.67%",
		"win" : "64.84%",
	},

}


}