{"champion" : {
	"Pick_Time":2136
,"Ban_Rate":0.0010906303708480918
,"Ban_Rate_Game":0.00646
,"Ban_Time":646
,"Pick_Rate":0.02136
,"Assists_Rate":13.205992509363297
,"Assists":28208
,"Death_Rate":5.786516853932584
,"Death":12360
,"Kills_Rate":2.362827715355805
,"Kills":5047
,"KDA":2.6905339805825244
,"Gold_Earned":19216730
,"Gold_Earned_Average":8996.596441947566
,"Gold_Spent":17473582
,"Gold_Spent_Average":8180.5159176029965
,"First_Blood_Assist":0
,"First_Blood_Assist_Average":0
,"First_Blood_Kill":76
,"First_Blood_Average":0.035580524344569285
,"First_Inhibitor_Assist":502
,"First_Inhibitor_Assist_Average":0.2350187265917603
,"First_Inhibitor_Kill":44
,"First_Inhibitor_Kill_Average":0.020599250936329586
,"First_Tower_Kill":70
,"First_Tower_Kill_Average":0.03277153558052434
,"First_Tower_Assist":207
,"First_Tower_Assist_Average":0.09691011235955056
,"Largest_Killing_Spree":1980
,"Largest_Killing_Spree_Average":0.9269662921348315
,"Largest_Multu_Kill":1877
,"Largest_Multi_Kill_Average":0.8787453183520599
,"Largest_Critical_Strike":1465
,"Total_Crit_Average":17.173220973782772
,"Total_Crit":36682
,"Magic_Damage_Dealt_To_Champion_Average":5649.241573033708
,"Magic_Damage_Dealt_To_Champion":12066780
,"Magic_Damage_Dealt":47885495
,"Magic_Damage_Dealt_Average":22418.302902621723
,"Magic_Damage_Taken":22728079
,"Magic_Damage_Taken_Average":10640.486423220973
,"Minions_Killed":89474
,"Minions_Killed_Average":41.88857677902622
,"Neutral_Minion_Killed":5299
,"Neutral_Minion_Killed_Average":2.480805243445693
,"Neutral_Minion_Killed_Enemy_Jungle":1405
,"Neutral_Minion_Killed_Enemy_Jungle_Average":0.6577715355805244
,"Pentakills":0
,"Pentakills_Average":0
,"Physical_Damage_Dealt_To_Champion":4575839
,"Physical_Damage_Dealt_To_Champion_Average":2142.246722846442
,"Physical_Damage_Dealt":31271038
,"Physical_Damage_Dealt_Average":14639.999063670411
,"Physical_Damage_Taken":36288618
,"Physical_Damage_Taken_Average":16989.053370786518
,"Total_Damage_Dealt":87098407
,"Total_Damage_Dealt_Average":40776.40777153558
,"Total_Damage_Dealt_To_Champion":16985404
,"Total_Damage_Dealt_To_Champion_Average":7951.968164794008
,"Total_Damage_Taken":61152792
,"Total_Damage_Taken_Average":28629.584269662922
,"Total_Heal":27034966
,"Total_Heal_Average":12656.819288389514
,"Total_Time_Crowd_Control_Dealt":1116243
,"Total_Time_Crowd_Control_Dealt_Average":522.5856741573034
,"Tower_Kills":699
,"Tower_Kills_Average":0.32724719101123595
,"True_Damage_Dealt_To_Champion":341665
,"True_Damage_Dealt_To_Champion_Average":159.95552434456928
,"True_Damage_Dealt":7940003
,"True_Damage_Dealt_Average":3717.229868913858
,"True_Damage_Taken":2134695
,"True_Damage_Taken_Average":999.3890449438202
,"sight_Wards_Bought":1393
,"sight_Wards_Bought_Average":0.6521535580524345
,"Vision_Wards_Bought":1048
,"Vision_Wards_Bought_Average":0.49063670411985016
,"Total_Wards_Bought":1.1427902621722847
,"Wards_Placed":30068
,"Wards_Placed_Average":14.076779026217228
,"Wards_Killed":1765
,"WardsKilled_Average":0.826310861423221
,"Win":1135
,"Win_Rate":0.5313670411985019
,"lose":1001
,"Lose_Rate":0.46863295880149813

}









"Items" : {

	"one" : {
		"name" : "sightstone",
		"percentages" : "51.59%",
		"win" : "56.07%",
	},
	"two" : {
		"name" : "Face of the Mountain",
		"percentages" :"43.25%" ,
		"win" : "57.68%",
	},
	"three" : {
		"name" : "Frozen Heart",
		"percentages" : "20.45%",
		"win" : "64.53%",
	},
	"four" : {
		"name" : 'sunfire Cape",
		"percentages" : "17.60%",
		"win" : "56.64%",
	},
	"five" : {
		"name" : "Iceborn Gauntlet",
		"percentages" : "14.18%",
		"win" : "54.45%",
	},
	"six" : {
		"name" : "Dead Man’s Plate",
		"percentages" : "13.95%",
		"win" : "60.73%",
	},
	"seven" : {
		"name" : "Martyr’s Gambit",
		"percentages" : "12.17%",
		"win" : "57.30%",
	},
	"eight" : {
		"name" : "Ruby Sightstone",
		"percentages" : "11.09%",
		"win" : "51.47%",
	},
	"nine" : {
		"name" : "Thornmail",
		"percentages" : "10.86%",
		"win" : "53.87%",
	},
	"ten" : {
		"name" : "Randuin’s Omen",
		"percentages" : "9.26%",
		"win" : "62.12%",
	},

}
}