{"champion" = {
	"Pick_Time":17018
,"Ban_Rate":0.0025898250601872645
,"Ban_Rate_Game":0.01534
,"Ban_Time":1534
,"Pick_Rate":0.17018
,"Assists_Rate":13.411740510048185
,"Assists":228241
,"Death_Rate":6.3429310142202375
,"Death":107944
,"Kills_Rate":2.663473968738982
,"Kills":45327
,"KDA":2.5343511450381677
,"Gold_Earned":153594038
,"Gold_Earned_Average":9025.387119520508
,"Gold_Spent":140130187
,"Gold_Spent_Average":8234.23357621342
,"First_Blood_Assist":0
,"First_Blood_Assist_Average":0
,"First_Blood_Kill":986
,"First_Blood_Average":0.057938653190739216
,"First_Inhibitor_Assist":3254
,"First_Inhibitor_Assist_Average":0.1912093077917499
,"First_Inhibitor_Kill":363
,"First_Inhibitor_Kill_Average":0.021330356093548008
,"First_Tower_Kill":476
,"First_Tower_Kill_Average":0.027970384298977552
,"First_Tower_Assist":1803
,"First_Tower_Assist_Average":0.10594664472911035
,"Largest_Killing_Spree":17761
,"Largest_Killing_Spree_Average":1.043659654483488
,"Largest_Multu_Kill":15902
,"Largest_Multi_Kill_Average":0.9344223763074392
,"Largest_Critical_Strike":1771
,"Total_Crit_Average":36.05129862498531
,"Total_Crit":613521
,"Magic_Damage_Dealt_To_Champion_Average":6864.7927488541545
,"Magic_Damage_Dealt_To_Champion":116825043
,"Magic_Damage_Dealt":368113497
,"Magic_Damage_Dealt_Average":21630.831883887648
,"Magic_Damage_Taken":149869013
,"Magic_Damage_Taken_Average":8806.499764954753
,"Minions_Killed":529522
,"Minions_Killed_Average":31.115407215889057
,"Neutral_Minion_Killed":20232
,"Neutral_Minion_Killed_Average":1.1888588553296509
,"Neutral_Minion_Killed_Enemy_Jungle":8039
,"Neutral_Minion_Killed_Enemy_Jungle_Average":0.4723821835703373
,"Pentakills":0
,"Pentakills_Average":0
,"Physical_Damage_Dealt_To_Champion":27988506
,"Physical_Damage_Dealt_To_Champion_Average":1644.6413209542836
,"Physical_Damage_Dealt":183284221
,"Physical_Damage_Dealt_Average":10770.02121283347
,"Physical_Damage_Taken":228975951
,"Physical_Damage_Taken_Average":13454.927194734986
,"Total_Damage_Dealt":556640901
,"Total_Damage_Dealt_Average":32708.949406510754
,"Total_Damage_Dealt_To_Champion":147914694
,"Total_Damage_Dealt_To_Champion_Average":8691.661417322835
,"Total_Damage_Taken":391008479
,"Total_Damage_Taken_Average":22976.17105417793
,"Total_Heal":38667189
,"Total_Heal_Average":2272.13473968739
,"Total_Time_Crowd_Control_Dealt":6740939
,"Total_Time_Crowd_Control_Dealt_Average":396.10641673522156
,"Tower_Kills":4474
,"Tower_Kills_Average":0.262898107885768
,"True_Damage_Dealt_To_Champion":3092296
,"True_Damage_Dealt_To_Champion_Average":181.7073686684687
,"True_Damage_Dealt":5234404
,"True_Damage_Dealt_Average":307.58044423551536
,"True_Damage_Taken":12151740
,"True_Damage_Taken_Average":714.0521800446586
,"Sight_Wards_Bought":10593
,"Sight_Wards_Bought_Average":0.6224585732753555
,"Vision_Wards_Bought":12857
,"Vision_Wards_Bought_Average":0.7554941826301563
,"Total_Wards_Bought":1.3779527559055118
,"Wards_Placed":271265
,"Wards_Placed_Average":15.93988717828182
,"Wards_Killed":20841
,"WardsKilled_Average":1.2246444940651076
,"Win":8447
,"Win_Rate":0.4963567986837466
,"lose":8571
,"Lose_Rate":0.5036432013162534

}




"Items" = {

	"one" : {
		"name" : "Sightstone",
		"percentages" : "62.37%",
		"win" : "49.97%",
	},
	"two" : {
		"name" : "Face of the Mountain",
		"percentages" :"30.62%" ,
		"win" : "56.43%",
	},
	"three" : {
		"name" : "Talisman of Ascension",
		"percentages" : "24.59%",
		"win" : "52.05%",
	},
	"four" : {
		"name" : "Randuin’s Omen",
		"percentages" : "15.06%",
		"win" : "56.24%",
	},
	"five" : {
		"name" : "Sunfire Cape",
		"percentages" : "14.67%",
		"win" : "56.58%",
	},
	"six" : {
		"name" : "Dead Man’s Plate",
		"percentages" : "12.25%",
		"win" : "58.10%",
	},
	"seven" : {
		"name" : "Ruby Sightstone",
		"percentages" : "11.79%",
		"win" : "45.98%",
	},
	"eight" : {
		"name" : "Locket of the Iron Solari",
		"percentages" : "11.75%",
		"win" : "59.72%",
	},
	"nine" : {
		"name" : "Martyr’s Gambit",
		"percentages" : "11.12%",
		"win" : "58.44%",
	},
	"ten" : {
		"name" : "Frozen Heart",
		"percentages" : "10.53%",
		"win" : "59.11%",
	},

}
}