{"champion" = {
	"Pick_Time":10521
,"Ban_Rate":0.0007327145215914424
,"Ban_Rate_Game":0.00434
,"Ban_Time":434
,"Pick_Rate":0.10521
,"Assists_Rate":6.166809238665526
,"Assists":64881
,"Death_Rate":6.483509172131926
,"Death":68213
,"Kills_Rate":7.206444254348446
,"Kills":75819
,"KDA":2.06265667834577
,"Gold_Earned":116412754
,"Gold_Earned_Average":11064.799353673605
,"Gold_Spent":107331755
,"Gold_Spent_Average":10201.668567626652
,"First_Blood_Assist":0
,"First_Blood_Assist_Average":0
,"First_Blood_Kill":1299
,"First_Blood_Average":0.1234673510122612
,"First_Inhibitor_Assist":1217
,"First_Inhibitor_Assist_Average":0.11567341507461268
,"First_Inhibitor_Kill":1090
,"First_Inhibitor_Kill_Average":0.10360231917118144
,"First_Tower_Kill":1491
,"First_Tower_Kill_Average":0.14171656686626746
,"First_Tower_Assist":512
,"First_Tower_Assist_Average":0.048664575610683394
,"Largest_Killing_Spree":32919
,"Largest_Killing_Spree_Average":3.128885086968919
,"Largest_Multu_Kill":15707
,"Largest_Multi_Kill_Average":1.4929189240566485
,"Largest_Critical_Strike":2082
,"Total_Crit_Average":608.771884801825
,"Total_Crit":6404889
,"Magic_Damage_Dealt_To_Champion_Average":2720.419256724646
,"Magic_Damage_Dealt_To_Champion":28621531
,"Magic_Damage_Dealt":249359911
,"Magic_Damage_Dealt_Average":23701.160631118713
,"Magic_Damage_Taken":75710253
,"Magic_Damage_Taken_Average":7196.108069575135
,"Minions_Killed":1436479
,"Minions_Killed_Average":136.53445489972435
,"Neutral_Minion_Killed":92592
,"Neutral_Minion_Killed_Average":8.800684345594526
,"Neutral_Minion_Killed_Enemy_Jungle":32885
,"Neutral_Minion_Killed_Enemy_Jungle_Average":3.1256534549947723
,"Pentakills":29
,"Pentakills_Average":0.002756391977948864
,"Physical_Damage_Dealt_To_Champion":142601367
,"Physical_Damage_Dealt_To_Champion_Average":13553.974622184203
,"Physical_Damage_Dealt":1097355353
,"Physical_Damage_Dealt_Average":104301.43075753255
,"Physical_Damage_Taken":135310957
,"Physical_Damage_Taken_Average":12861.035738047714
,"Total_Damage_Dealt":1352780603
,"Total_Damage_Dealt_Average":128579.08972531128
,"Total_Damage_Dealt_To_Champion":173845193
,"Total_Damage_Dealt_To_Champion_Average":16523.637772074897
,"Total_Damage_Taken":216889611
,"Total_Damage_Taken_Average":20614.92358140861
,"Total_Heal":19801330
,"Total_Heal_Average":1882.0767987833856
,"Total_Time_Crowd_Control_Dealt":2436650
,"Total_Time_Crowd_Control_Dealt_Average":231.59870734721034
,"Tower_Kills":15223
,"Tower_Kills_Average":1.4469156924246744
,"True_Damage_Dealt_To_Champion":2616857
,"True_Damage_Dealt_To_Champion_Average":248.72702214618383
,"True_Damage_Dealt":6059874
,"True_Damage_Dealt_Average":575.9788993441688
,"True_Damage_Taken":5861734
,"True_Damage_Taken_Average":557.1460887748312
,"Sight_Wards_Bought":1569
,"Sight_Wards_Bought_Average":0.14913031080695752
,"Vision_Wards_Bought":962
,"Vision_Wards_Bought_Average":0.0914361752685106
,"Total_Wards_Bought":0.2405664860754681
,"Wards_Placed":59334
,"Wards_Placed_Average":5.639577986883376
,"Wards_Killed":4016
,"WardsKilled_Average":0.38171276494629786
,"Win":5092
,"Win_Rate":0.4839844121281247
,"lose":5429
,"Lose_Rate":0.5160155878718753

}




"Items" = {

	"one" : {
		"name" : "Infinity Edge",
		"percentages" : "72.50%",
		"win" : "54.39%",
	},
	"two" : {
		"name" : "Phantom Dancer",
		"percentages" :"36.74%" ,
		"win" : "57.00%",
	},
	"three" : {
		"name" : "The Bloodthirster",
		"percentages" : "27.38%",
		"win" : "58.17%",
	},
	"four" : {
		"name" : "Statikk Shiv",
		"percentages" : "21.09%",
		"win" : "54.30%",
	},
	"five" : {
		"name" : "Last Whisper",
		"percentages" : "18.08%",
		"win" : "57.59%",
	},
	"six" : {
		"name" : "Typhoon Claws",
		"percentages" : "13.19%",
		"win" : "52.88%",
	},
	"seven" : {
		"name" : "Mirage Blade",
		"percentages" : "12.96%",
		"win" : "54.17%",
	},
	"eight" : {
		"name" : "Blade of the Ruined King",
		"percentages" : "8.00%",
		"win" : "54.15%",
	},
	"nine" : {
		"name" : "Flesheater",
		"percentages" : "2.98%",
		"win" : "48.40%",
	},
	"ten" : {
		"name" : "Guardian Angel",
		"percentages" : "2.39%",
		"win" : "58.33%",
	},

}
}