{"champion" : {
	"Pick_Time":3068
,"Ban_Rate":0.0006179113246600643
,"Ban_Rate_Game":0.00366
,"Ban_Time":366
,"Pick_Rate":0.03068
,"Assists_Rate":7.814863102998697
,"Assists":23976
,"Death_Rate":5.955671447196871
,"Death":18272
,"Kills_Rate":5.826923076923077
,"Kills":17877
,"KDA":2.2905538528896674
,"Gold_Earned":34008713
,"Gold_Earned_Average":11084.97816166884
,"Gold_Spent":31249862
,"Gold_Spent_Average":10185.743807040417
,"First_Blood_Assist":0
,"First_Blood_Assist_Average":0
,"First_Blood_Kill":339
,"First_Blood_Average":0.11049543676662321
,"First_Inhibitor_Assist":369
,"First_Inhibitor_Assist_Average":0.12027379400260756
,"First_Inhibitor_Kill":380
,"First_Inhibitor_Kill_Average":0.12385919165580182
,"First_Tower_Kill":366
,"First_Tower_Kill_Average":0.11929595827900913
,"First_Tower_Assist":89
,"First_Tower_Assist_Average":0.029009126466753587
,"Largest_Killing_Spree":8107
,"Largest_Killing_Spree_Average":2.642438070404172
,"Largest_Multu_Kill":4016
,"Largest_Multi_Kill_Average":1.3089960886571057
,"Largest_Critical_Strike":1728
,"Total_Crit_Average":97.2526075619296
,"Total_Crit":298371
,"Magic_Damage_Dealt_To_Champion_Average":3390.5658409387224
,"Magic_Damage_Dealt_To_Champion":10402256
,"Magic_Damage_Dealt":46198415
,"Magic_Damage_Dealt_Average":15058.153520208605
,"Magic_Damage_Taken":31858690
,"Magic_Damage_Taken_Average":10384.188396349413
,"Minions_Killed":285679
,"Minions_Killed_Average":93.11571056062581
,"Neutral_Minion_Killed":95352
,"Neutral_Minion_Killed_Average":31.079530638852674
,"Neutral_Minion_Killed_Enemy_Jungle":20202
,"Neutral_Minion_Killed_Enemy_Jungle_Average":6.584745762711864
,"Pentakills":1
,"Pentakills_Average":0.0003259452411994785
,"Physical_Damage_Dealt_To_Champion":32878696
,"Physical_Damage_Dealt_To_Champion_Average":10716.654498044329
,"Physical_Damage_Dealt":308420715
,"Physical_Damage_Dealt_Average":100528.2643415906
,"Physical_Damage_Taken":80057527
,"Physical_Damage_Taken_Average":26094.36994784876
,"Total_Damage_Dealt":380518075
,"Total_Damage_Dealt_Average":124028.05573663625
,"Total_Damage_Dealt_To_Champion":45584584
,"Total_Damage_Dealt_To_Champion_Average":14858.078226857888
,"Total_Damage_Taken":115980693
,"Total_Damage_Taken_Average":37803.35495436766
,"Total_Heal":36225341
,"Total_Heal_Average":11807.477509778357
,"Total_Time_Crowd_Control_Dealt":3019232
,"Total_Time_Crowd_Control_Dealt_Average":984.1043024771839
,"Tower_Kills":4326
,"Tower_Kills_Average":1.4100391134289438
,"True_Damage_Dealt_To_Champion":2301907
,"True_Damage_Dealt_To_Champion_Average":750.2956323337679
,"True_Damage_Dealt":25896965
,"True_Damage_Dealt_Average":8440.992503259453
,"True_Damage_Taken":4062478
,"True_Damage_Taken_Average":1324.145371577575
,"sight_Wards_Bought":918
,"sight_Wards_Bought_Average":0.29921773142112124
,"Vision_Wards_Bought":880
,"Vision_Wards_Bought_Average":0.28683181225554105
,"Total_Wards_Bought":0.5860495436766623
,"Wards_Placed":20563
,"Wards_Placed_Average":6.702411994784876
,"Wards_Killed":1894
,"WardsKilled_Average":0.6173402868318123
,"Win":1570
,"Win_Rate":0.5117340286831812
,"lose":1498
,"Lose_Rate":0.48826597131681876

	
}




"Items" : {

	"one" : {
		"name" : "Blade of the Ruined King",
		"percentages" : "56.74%",
		"win" : "55.60%",
	},
	"two" : {
		"name" : "spirit Visage",
		"percentages" :"28.38%" ,
		"win" : "54.07%",
	},
	"three" : {
		"name" : "Ravenous Hydra",
		"percentages" : "18.5%",
		"win" : "59.64%",
	},
	"four" : {
		"name" : "Randuin’s Omen",
		"percentages" : "18.44%",
		"win" : "51.59%",
	},
	"five" : {
		"name" : "Flesheater",
		"percentages" : "18.18%",
		"win" : "52.68%",
	},
	"six" : {
		"name" : 'sunfire Cape",
		"percentages" : "15.93%",
		"win" : "53.16%",
	},
	"seven" : {
		"name" : "Dead Man’s Plate",
		"percentages" : "12.90%",
		"win" : "57.32%",
	},
	"eight" : {
		"name" : "Thornmail",
		"percentages" : "10.10%",
		"win" : "55.16%",
	},
	"nine" : {
		"name" : "Ruby Sightstone",
		"percentages" : "8.27%",
		"win" : "48.81%",
	},
	"ten" : {
		"name" : "Warmog’s Armor",
		"percentages" : "6.97%",
		"win" : "58.87%",
	},

}
}