{"champion" : {
	"Pick_Time":12570
,"Ban_Rate":0.0021204825786148656
,"Ban_Rate_Game":0.01256
,"Ban_Time":1256
,"Pick_Rate":0.1257
,"Assists_Rate":7.423150357995227
,"Assists":93309
,"Death_Rate":7.768019093078759
,"Death":97644
,"Kills_Rate":6.547653142402546
,"Kills":82304
,"KDA":1.7985027241817213
,"Gold_Earned":140295937
,"Gold_Earned_Average":11161.172394590294
,"Gold_Spent":130528115
,"Gold_Spent_Average":10384.098249801114
,"First_Blood_Assist":0
,"First_Blood_Assist_Average":0
,"First_Blood_Kill":1124
,"First_Blood_Average":0.08941925218774861
,"First_Inhibitor_Assist":1611
,"First_Inhibitor_Assist_Average":0.12816229116945108
,"First_Inhibitor_Kill":750
,"First_Inhibitor_Kill_Average":0.059665871121718374
,"First_Tower_Kill":1004
,"First_Tower_Kill_Average":0.07987271280827367
,"First_Tower_Assist":368
,"First_Tower_Assist_Average":0.029276054097056484
,"Largest_Killing_Spree":33388
,"Largest_Killing_Spree_Average":2.6561654733492444
,"Largest_Multu_Kill":17240
,"Largest_Multi_Kill_Average":1.3715194908512331
,"Largest_Critical_Strike":1530
,"Total_Crit_Average":68.3170246618934
,"Total_Crit":858745
,"Magic_Damage_Dealt_To_Champion_Average":15900.478599840892
,"Magic_Damage_Dealt_To_Champion":199869016
,"Magic_Damage_Dealt":1205004997
,"Magic_Damage_Dealt_Average":95863.56380270486
,"Magic_Damage_Taken":100287552
,"Magic_Damage_Taken_Average":7978.32553699284
,"Minions_Killed":1436864
,"Minions_Killed_Average":114.30898965791567
,"Neutral_Minion_Killed":131074
,"Neutral_Minion_Killed_Average":10.427525855210819
,"Neutral_Minion_Killed_Enemy_Jungle":30336
,"Neutral_Minion_Killed_Enemy_Jungle_Average":2.413365155131265
,"Pentakills":9
,"Pentakills_Average":0.0007159904534606205
,"Physical_Damage_Dealt_To_Champion":31881705
,"Physical_Damage_Dealt_To_Champion_Average":2536.3329355608594
,"Physical_Damage_Dealt":330049391
,"Physical_Damage_Dealt_Average":26256.912569610184
,"Physical_Damage_Taken":145870105
,"Physical_Damage_Taken_Average":11604.622513922037
,"Total_Damage_Dealt":1555155178
,"Total_Damage_Dealt_Average":123719.584566428
,"Total_Damage_Dealt_To_Champion":237662537
,"Total_Damage_Dealt_To_Champion_Average":18907.1230708035
,"Total_Damage_Taken":254147685
,"Total_Damage_Taken_Average":20218.590692124104
,"Total_Heal":16592637
,"Total_Heal_Average":1320.0188544152745
,"Total_Time_Crowd_Control_Dealt":4409124
,"Total_Time_Crowd_Control_Dealt_Average":350.7656324582339
,"Tower_Kills":10733
,"Tower_Kills_Average":0.8538583929992044
,"True_Damage_Dealt_To_Champion":5904870
,"True_Damage_Dealt_To_Champion_Average":469.75894988066824
,"True_Damage_Dealt":20093359
,"True_Damage_Dealt_Average":1598.5170246618934
,"True_Damage_Taken":7982135
,"True_Damage_Taken_Average":635.0147175815433
,"sight_Wards_Bought":3932
,"sight_Wards_Bought_Average":0.3128082736674622
,"Vision_Wards_Bought":2362
,"Vision_Wards_Bought_Average":0.1879077167859984
,"Total_Wards_Bought":0.5007159904534606
,"Wards_Placed":68286
,"Wards_Placed_Average":5.432458233890215
,"Wards_Killed":3970
,"WardsKilled_Average":0.3158313444709626
,"Win":6037
,"Win_Rate":0.48027048528241845
,"lose":6533
,"Lose_Rate":0.5197295147175816

}




"Items" : {

	"one" : {
		"name" : "Lich Bane",
		"percentages" : "55.89%",
		"win" : "52.64%",
	},
	"two" : {
		"name" : "Luden’s Echo",
		"percentages" :"47.02%" ,
		"win" : "54.61%",
	},
	"three" : {
		"name" : "Rabadon’s Deathcap",
		"percentages" : "22.94%",
		"win" : "59.63%",
	},
	"four" : {
		"name" : "Zhonya’s Hourglass",
		"percentages" : "21.41%",
		"win" : "56.01%",
	},
	"five" : {
		"name" : "Netherstride Grimoire",
		"percentages" : "11.94%",
		"win" : "53.79%",
	},
	"six" : {
		"name" : "Blade of the Ruined King",
		"percentages" : "8.86%",
		"win" : "51.61%",
	},
	"seven" : {
		"name" : "Void Staff",
		"percentages" : "8.76%",
		"win" : "58.43%",
	},
	"eight" : {
		"name" : "Pox Arcana",
		"percentages" : "6.57%",
		"win" : "53.68%",
	},
	"nine" : {
		"name" : "Rite of Ruin",
		"percentages" : "6.17%",
		"win" : "51.54%",
	},
	"ten" : {
		"name" : "Trickster’s Glass",
		"percentages" : "5.94%",
		"win" : "57.16%",
	},

}
}