{"champion" = {
	"Pick_Time":5146
,"Ban_Rate":0.0005486917500396746
,"Ban_Rate_Game":0.00325
,"Ban_Time":325
,"Pick_Rate":0.05146
,"Assists_Rate":6.52195880295375
,"Assists":33562
,"Death_Rate":7.4720171006607075
,"Death":38451
,"Kills_Rate":7.618538670812281
,"Kills":39205
,"KDA":1.8924605341863672
,"Gold_Earned":56455979
,"Gold_Earned_Average":10970.847065682083
,"Gold_Spent":52141980
,"Gold_Spent_Average":10132.52623396813
,"First_Blood_Assist":0
,"First_Blood_Assist_Average":0
,"First_Blood_Kill":711
,"First_Blood_Average":0.1381655654877575
,"First_Inhibitor_Assist":489
,"First_Inhibitor_Assist_Average":0.09502526233968131
,"First_Inhibitor_Kill":428
,"First_Inhibitor_Kill_Average":0.08317139525845317
,"First_Tower_Kill":367
,"First_Tower_Kill_Average":0.07131752817722503
,"First_Tower_Assist":209
,"First_Tower_Assist_Average":0.04061406917994559
,"Largest_Killing_Spree":15647
,"Largest_Killing_Spree_Average":3.0406140691799455
,"Largest_Multu_Kill":7799
,"Largest_Multi_Kill_Average":1.5155460551884958
,"Largest_Critical_Strike":1655
,"Total_Crit_Average":473.52545666537117
,"Total_Crit":2436762
,"Magic_Damage_Dealt_To_Champion_Average":480.33462883793237
,"Magic_Damage_Dealt_To_Champion":2471802
,"Magic_Damage_Dealt":20103280
,"Magic_Damage_Dealt_Average":3906.583754372328
,"Magic_Damage_Taken":37176543
,"Magic_Damage_Taken_Average":7224.357364943646
,"Minions_Killed":601557
,"Minions_Killed_Average":116.8979790128255
,"Neutral_Minion_Killed":57935
,"Neutral_Minion_Killed_Average":11.258258841818888
,"Neutral_Minion_Killed_Enemy_Jungle":15924
,"Neutral_Minion_Killed_Enemy_Jungle_Average":3.094442285270113
,"Pentakills":12
,"Pentakills_Average":0.002331908278274388
,"Physical_Damage_Dealt_To_Champion":74160146
,"Physical_Damage_Dealt_To_Champion_Average":14411.221531286435
,"Physical_Damage_Dealt":511238880
,"Physical_Damage_Dealt_Average":99346.84803731053
,"Physical_Damage_Taken":74234612
,"Physical_Damage_Taken_Average":14425.692188107269
,"Total_Damage_Dealt":574361347
,"Total_Damage_Dealt_Average":111613.16498251069
,"Total_Damage_Dealt_To_Champion":90506489
,"Total_Damage_Dealt_To_Champion_Average":17587.735911387485
,"Total_Damage_Taken":114379718
,"Total_Damage_Taken_Average":22226.9176059075
,"Total_Heal":11978615
,"Total_Heal_Average":2327.752623396813
,"Total_Time_Crowd_Control_Dealt":2406689
,"Total_Time_Crowd_Control_Dealt_Average":467.6815001943257
,"Tower_Kills":5237
,"Tower_Kills_Average":1.017683637776914
,"True_Damage_Dealt_To_Champion":13871974
,"True_Damage_Dealt_To_Champion_Average":2695.680917217256
,"True_Damage_Dealt":43016316
,"True_Damage_Dealt_Average":8359.17528177225
,"True_Damage_Taken":2965333
,"True_Damage_Taken_Average":576.2403808783521
,"Sight_Wards_Bought":569
,"Sight_Wards_Bought_Average":0.11057131752817723
,"Vision_Wards_Bought":611
,"Vision_Wards_Bought_Average":0.11873299650213759
,"Total_Wards_Bought":0.22930431403031482
,"Wards_Placed":26080
,"Wards_Placed_Average":5.06801399144967
,"Wards_Killed":2602
,"WardsKilled_Average":0.5056354450058298
,"Win":2320
,"Win_Rate":0.45083560046638166
,"lose":2826
,"Lose_Rate":0.5491643995336184

}




"Items" = {

	"one" : {
		"name" : "Blade of the Ruined King",
		"percentages" : "69.29%",
		"win" : "48.96%",
	},
	"two" : {
		"name" : "Infinity Edge",
		"percentages" :"36.22%" ,
		"win" : "55.95%",
	},
	"three" : {
		"name" : "Youmuu’s Ghostblade",
		"percentages" : "26.00%",
		"win" : "54.11%",
	},
	"four" : {
		"name" : "Statikk Shiv",
		"percentages" : "19.93%",
		"win" : "49.41%",
	},
	"five" : {
		"name" : "Typhoon Claws",
		"percentages" : "16.16%",
		"win" : "52.76%",
	},
	"six" : {
		"name" : "”Last Whisper",
		"percentages" : "14.12%",
		"win" : "57.90%",
	},
	"seven" : {
		"name" : "The Bloodthirster",
		"percentages" : "14.08%",
		"win" : "55.03%",
	},
	"eight" : {
		"name" : "Runaan’s Hurricane",
		"percentages" : "12.94%",
		"win" : "51.05%",
	},
	"nine" : {
		"name" : "Mirage Blade",
		"percentages" : "9.91%",
		"win" : "54.50%",
	},
	"ten" : {
		"name" : "Phantom Dancer",
		"percentages" : "9.77%",
		"win" : "55.86%",
	},

}
}