{"champion" : {
	"Pick_Time":7260
,"Ban_Rate":0.004446935598783086
,"Ban_Rate_Game":0.02634
,"Ban_Time":2634
,"Pick_Rate":0.0726
,"Assists_Rate":6.526308539944903
,"Assists":47381
,"Death_Rate":6.122589531680441
,"Death":44450
,"Kills_Rate":6.411707988980716
,"Kills":46549
,"KDA":2.113160854893138
,"Gold_Earned":85508950
,"Gold_Earned_Average":11778.092286501378
,"Gold_Spent":78483823
,"Gold_Spent_Average":10810.44393939394
,"First_Blood_Assist":0
,"First_Blood_Assist_Average":0
,"First_Blood_Kill":612
,"First_Blood_Average":0.08429752066115702
,"First_Inhibitor_Assist":751
,"First_Inhibitor_Assist_Average":0.1034435261707989
,"First_Inhibitor_Kill":597
,"First_Inhibitor_Kill_Average":0.08223140495867769
,"First_Tower_Kill":276
,"First_Tower_Kill_Average":0.03801652892561983
,"First_Tower_Assist":162
,"First_Tower_Assist_Average":0.02231404958677686
,"Largest_Killing_Spree":21108
,"Largest_Killing_Spree_Average":2.9074380165289258
,"Largest_Multu_Kill":10104
,"Largest_Multi_Kill_Average":1.3917355371900826
,"Largest_Critical_Strike":1573
,"Total_Crit_Average":266.71625344352617
,"Total_Crit":1936360
,"Magic_Damage_Dealt_To_Champion_Average":3890.8577134986226
,"Magic_Damage_Dealt_To_Champion":28247627
,"Magic_Damage_Dealt":415479919
,"Magic_Damage_Dealt_Average":57228.638980716256
,"Magic_Damage_Taken":59942361
,"Magic_Damage_Taken_Average":8256.523553719007
,"Minions_Killed":405180
,"Minions_Killed_Average":55.8099173553719
,"Neutral_Minion_Killed":486285
,"Neutral_Minion_Killed_Average":66.98140495867769
,"Neutral_Minion_Killed_Enemy_Jungle":102031
,"Neutral_Minion_Killed_Enemy_Jungle_Average":14.053856749311295
,"Pentakills":12
,"Pentakills_Average":0.001652892561983471
,"Physical_Damage_Dealt_To_Champion":64253279
,"Physical_Damage_Dealt_To_Champion_Average":8850.31391184573
,"Physical_Damage_Dealt":621159368
,"Physical_Damage_Dealt_Average":85559.14159779614
,"Physical_Damage_Taken":155215175
,"Physical_Damage_Taken_Average":21379.500688705233
,"Total_Damage_Dealt":1121120077
,"Total_Damage_Dealt_Average":154424.25303030302
,"Total_Damage_Dealt_To_Champion":100110216
,"Total_Damage_Dealt_To_Champion_Average":13789.285950413223
,"Total_Damage_Taken":221830122
,"Total_Damage_Taken_Average":30555.113223140495
,"Total_Heal":17520765
,"Total_Heal_Average":2413.3285123966944
,"Total_Time_Crowd_Control_Dealt":7347667
,"Total_Time_Crowd_Control_Dealt_Average":1012.0753443526171
,"Tower_Kills":5796
,"Tower_Kills_Average":0.7983471074380165
,"True_Damage_Dealt_To_Champion":7605231
,"True_Damage_Dealt_To_Champion_Average":1047.5524793388429
,"True_Damage_Dealt":84475914
,"True_Damage_Dealt_Average":11635.80082644628
,"True_Damage_Taken":6667271
,"True_Damage_Taken_Average":918.3568870523416
,"sight_Wards_Bought":2071
,"sight_Wards_Bought_Average":0.2852617079889807
,"Vision_Wards_Bought":1896
,"Vision_Wards_Bought_Average":0.2611570247933884
,"Total_Wards_Bought":0.5464187327823692
,"Wards_Placed":42373
,"Wards_Placed_Average":5.836501377410468
,"Wards_Killed":5644
,"WardsKilled_Average":0.7774104683195592
,"Win":3765
,"Win_Rate":0.518595041322314
,"lose":3495
,"Lose_Rate":0.48140495867768596

}


"Items" : {

	"one" : {
		"name" : "Trinity Force",
		"percentages" : "44.24%",
		"win" : "61.02%",
	},
	"two" : {
		"name" : "Blade of the Ruined King",
		"percentages" :"32.41%" ,
		"win" : "61.07%",
	},
	"three" : {
		"name" : "Frozen Heart",
		"percentages" : "21.06%",
		"win" : "58.60%",
	},
	"four" : {
		"name" : "Randuin’s Omen",
		"percentages" : "17.01%",
		"win" : "53.92%",
	},
	"five" : {
		"name" : "Dead Man’s Plate",
		"percentages" : "11.66%",
		"win" : "58.55%",
	},
	"six" : {
		"name" : "Typhoon Claws",
		"percentages" : "10.97%",
		"win" : "56.33%",
	},
	"seven" : {
		"name" : "Wit’s End",
		"percentages" : "10.71%",
		"win" : "66.19%",
	},
	"eight" : {
		"name" : "spirit Visage",
		"percentages" : "9.80%",
		"win" : "55.75%",
	},
	"nine" : {
		"name" : "Banshee’s Veil",
		"percentages" : "8.22%",
		"win" : "53.76%",
	},
	"ten" : {
		"name" : "Ruby Sightstone",
		"percentages" : "7.71%",
		"win" : "42.32%",
	},

}

}