{"champion" = {
	"Pick_Time":810
,"Ban_Rate":0.0013371195877889916
,"Ban_Rate_Game":0.00792
,"Ban_Time":792
,"Pick_Rate":0.0081
,"Assists_Rate":6.737037037037037
,"Assists":5457
,"Death_Rate":6.45679012345679
,"Death":5230
,"Kills_Rate":6.093827160493827
,"Kills":4936
,"KDA":1.987189292543021
,"Gold_Earned":8351864
,"Gold_Earned_Average":10310.943209876543
,"Gold_Spent":7726656
,"Gold_Spent_Average":9539.081481481482
,"First_Blood_Assist":0
,"First_Blood_Assist_Average":0
,"First_Blood_Kill":108
,"First_Blood_Average":0.13333333333333333
,"First_Inhibitor_Assist":117
,"First_Inhibitor_Assist_Average":0.14444444444444443
,"First_Inhibitor_Kill":50
,"First_Inhibitor_Kill_Average":0.06172839506172839
,"First_Tower_Kill":64
,"First_Tower_Kill_Average":0.07901234567901234
,"First_Tower_Assist":27
,"First_Tower_Assist_Average":0.03333333333333333
,"Largest_Killing_Spree":2162
,"Largest_Killing_Spree_Average":2.669135802469136
,"Largest_Multu_Kill":1100
,"Largest_Multi_Kill_Average":1.3580246913580247
,"Largest_Critical_Strike":1366
,"Total_Crit_Average":144.17654320987654
,"Total_Crit":116783
,"Magic_Damage_Dealt_To_Champion_Average":84.31604938271605
,"Magic_Damage_Dealt_To_Champion":68296
,"Magic_Damage_Dealt":495354
,"Magic_Damage_Dealt_Average":611.5481481481481
,"Magic_Damage_Taken":5943638
,"Magic_Damage_Taken_Average":7337.824691358025
,"Minions_Killed":97668
,"Minions_Killed_Average":120.57777777777778
,"Neutral_Minion_Killed":5156
,"Neutral_Minion_Killed_Average":6.3654320987654325
,"Neutral_Minion_Killed_Enemy_Jungle":1744
,"Neutral_Minion_Killed_Enemy_Jungle_Average":2.1530864197530866
,"Pentakills":2
,"Pentakills_Average":0.0024691358024691358
,"Physical_Damage_Dealt_To_Champion":12752644
,"Physical_Damage_Dealt_To_Champion_Average":15744.004938271604
,"Physical_Damage_Dealt":77562348
,"Physical_Damage_Dealt_Average":95755.98518518519
,"Physical_Damage_Taken":10205266
,"Physical_Damage_Taken_Average":12599.093827160494
,"Total_Damage_Dealt":78716857
,"Total_Damage_Dealt_Average":97181.3049382716
,"Total_Damage_Dealt_To_Champion":13063748
,"Total_Damage_Dealt_To_Champion_Average":16128.083950617283
,"Total_Damage_Taken":16809838
,"Total_Damage_Taken_Average":20752.886419753086
,"Total_Heal":1198422
,"Total_Heal_Average":1479.5333333333333
,"Total_Time_Crowd_Control_Dealt":395777
,"Total_Time_Crowd_Control_Dealt_Average":488.61358024691356
,"Tower_Kills":744
,"Tower_Kills_Average":0.9185185185185185
,"True_Damage_Dealt_To_Champion":242679
,"True_Damage_Dealt_To_Champion_Average":299.60370370370373
,"True_Damage_Dealt":659035
,"True_Damage_Dealt_Average":813.6234567901234
,"True_Damage_Taken":660320
,"True_Damage_Taken_Average":815.2098765432099
,"Sight_Wards_Bought":171
,"Sight_Wards_Bought_Average":0.2111111111111111
,"Vision_Wards_Bought":141
,"Vision_Wards_Bought_Average":0.17407407407407408
,"Total_Wards_Bought":0.3851851851851852
,"Wards_Placed":4462
,"Wards_Placed_Average":5.508641975308642
,"Wards_Killed":269
,"WardsKilled_Average":0.33209876543209876
,"Win":395
,"Win_Rate":0.4876543209876543
,"lose":415
,"Lose_Rate":0.5123456790123457

}







"Items" = {

	"one" : {
		"name" : "The Black Cleaver",
		"percentages" : "51.97%",
		"win" : "53.44%",
	},
	"two" : {
		"name" : "Muramana",
		"percentages" :"47.65%" ,
		"win" : "53.88%",
	},
	"three" : {
		"name" : "Manamune",
		"percentages" : "33.58%",
		"win" : "45.58%",
	},
	"four" : {
		"name" : "Last Whisper",
		"percentages" : "27.65%",
		"win" : "57.14%",
	},
	"five" : {
		"name" : "Frozen Heart",
		"percentages" : "23.33%",
		"win" : "50.79%",
	},
	"six" : {
		"name" : "Mirage Blade",
		"percentages" : "8.39%",
		"win" : "61.76%",
	},
	"seven" : {
		"name" : "Ruby Sightstone",
		"percentages" : "5.06%",
		"win" : "34.14%",
	},
	"eight" : {
		"name" : "Trinity Force",
		"percentages" : "4.32%",
		"win" : "51.42%",
	},
	"nine" : {
		"name" : "Typhoon Claws",
		"percentages" : "4.19%",
		"win" : "44.11%",
	},
	"ten" : {
		"name" : "The Bloodthirster",
		"percentages" : "3.70%",
		"win" : "56.66%",
	},

}
}