{"champion" = {
	"Pick_Time":25380
,"Ban_Rate":0.022776616614723848
,"Ban_Rate_Game":0.13491
,"Ban_Time":13491
,"Pick_Rate":0.2538
,"Assists_Rate":5.752285263987392
,"Assists":145993
,"Death_Rate":7.064499605988968
,"Death":179297
,"Kills_Rate":8.020449172576832
,"Kills":203559
,"KDA":1.9495697083609875
,"Gold_Earned":291304345
,"Gold_Earned_Average":11477.71256895193
,"Gold_Spent":267661019
,"Gold_Spent_Average":10546.139440504334
,"First_Blood_Assist":0
,"First_Blood_Assist_Average":0
,"First_Blood_Kill":2854
,"First_Blood_Average":0.11245074862096138
,"First_Inhibitor_Assist":2688
,"First_Inhibitor_Assist_Average":0.10591016548463357
,"First_Inhibitor_Kill":2469
,"First_Inhibitor_Kill_Average":0.09728132387706856
,"First_Tower_Kill":2174
,"First_Tower_Kill_Average":0.08565799842395587
,"First_Tower_Assist":915
,"First_Tower_Assist_Average":0.03605200945626478
,"Largest_Killing_Spree":84098
,"Largest_Killing_Spree_Average":3.3135539795114264
,"Largest_Multu_Kill":41802
,"Largest_Multi_Kill_Average":1.6470449172576833
,"Largest_Critical_Strike":2343
,"Total_Crit_Average":542.9534672970843
,"Total_Crit":13780159
,"Magic_Damage_Dealt_To_Champion_Average":584.5988967691095
,"Magic_Damage_Dealt_To_Champion":14837120
,"Magic_Damage_Dealt":128459206
,"Magic_Damage_Dealt_Average":5061.434436564224
,"Magic_Damage_Taken":195354528
,"Magic_Damage_Taken_Average":7697.183924349882
,"Minions_Killed":3465400
,"Minions_Killed_Average":136.54058313632783
,"Neutral_Minion_Killed":364063
,"Neutral_Minion_Killed_Average":14.344483845547675
,"Neutral_Minion_Killed_Enemy_Jungle":100747
,"Neutral_Minion_Killed_Enemy_Jungle_Average":3.969542947202522
,"Pentakills":110
,"Pentakills_Average":0.004334121355397951
,"Physical_Damage_Dealt_To_Champion":366750975
,"Physical_Damage_Dealt_To_Champion_Average":14450.393026004727
,"Physical_Damage_Dealt":2743937623
,"Physical_Damage_Dealt_Average":108114.1695429472
,"Physical_Damage_Taken":386739618
,"Physical_Damage_Taken_Average":15237.967612293145
,"Total_Damage_Dealt":3268999481
,"Total_Damage_Dealt_Average":128802.18601260835
,"Total_Damage_Dealt_To_Champion":475645164
,"Total_Damage_Dealt_To_Champion_Average":18740.944208037825
,"Total_Damage_Taken":599022557
,"Total_Damage_Taken_Average":23602.14960598897
,"Total_Heal":73824779
,"Total_Heal_Average":2908.7777383766747
,"Total_Time_Crowd_Control_Dealt":7934264
,"Total_Time_Crowd_Control_Dealt_Average":312.6187549251379
,"Tower_Kills":29227
,"Tower_Kills_Average":1.1515760441292355
,"True_Damage_Dealt_To_Champion":94034794
,"True_Damage_Dealt_To_Champion_Average":3705.0746256895195
,"True_Damage_Dealt":396579620
,"True_Damage_Dealt_Average":15625.674546887312
,"True_Damage_Taken":16911718
,"True_Damage_Taken_Average":666.3403467297085
,"Sight_Wards_Bought":3440
,"Sight_Wards_Bought_Average":0.1355397951142632
,"Vision_Wards_Bought":3531
,"Vision_Wards_Bought_Average":0.13912529550827424
,"Total_Wards_Bought":0.2746650906225374
,"Wards_Placed":143264
,"Wards_Placed_Average":5.644759653270292
,"Wards_Killed":13076
,"WardsKilled_Average":0.5152088258471237
,"Win":12538
,"Win_Rate":0.49401103230890464
,"lose":12842
,"Lose_Rate":0.5059889676910954

}




"Items" = {

	"one" : {
		"name" : "Blade of the Ruined King",
		"percentages" : "88.61%",
		"win" : "51.96%",
	},
	"two" : {
		"name" : "Phantom Dancer",
		"percentages" :"39.54%" ,
		"win" : "58.45%",
	},
	"three" : {
		"name" : "Typhoon Claws",
		"percentages" : "25.85%",
		"win" : "53.98%",
	},
	"four" : {
		"name" : "Infinity Edge",
		"percentages" : "24.14%",
		"win" : "60.58%",
	},
	"five" : {
		"name" : "Statikk Shiv",
		"percentages" : "23.39%",
		"win" : "55.47%",
	},
	"six" : {
		"name" : "Last Whisper",
		"percentages" : "17.35%",
		"win" : "58.71%",
	},
	"seven" : {
		"name" : "The Bloodthirster",
		"percentages" : "10.94%",
		"win" : "61.49%",
	},
	"eight" : {
		"name" : "Mirage Blade",
		"percentages" : "9.60%",
		"win" : "58.58%",
	},
	"nine" : {
		"name" : "Youmuu’s Ghostblade",
		"percentages" : "2.13%",
		"win" : "63.03%",
	},
	"ten" : {
		"name" : "Guardian Angel",
		"percentages" : "2.06%",
		"win" : "57.17%",
	},

}
}