{"champion" = {
	"Pick_Time":7311
,"Ban_Rate":0.015008829716469869
,"Ban_Rate_Game":0.0889
,"Ban_Time":8890
,"Pick_Rate":0.07311
,"Assists_Rate":7.528108329913828
,"Assists":55038
,"Death_Rate":6.519354397483244
,"Death":47663
,"Kills_Rate":6.998768978251949
,"Kills":51168
,"KDA":2.228269307429243
,"Gold_Earned":84776593
,"Gold_Earned_Average":11595.758856517576
,"Gold_Spent":77751330
,"Gold_Spent_Average":10634.842018875666
,"First_Blood_Assist":0
,"First_Blood_Assist_Average":0
,"First_Blood_Kill":467
,"First_Blood_Average":0.063876350704418
,"First_Inhibitor_Assist":860
,"First_Inhibitor_Assist_Average":0.11763096703597319
,"First_Inhibitor_Kill":428
,"First_Inhibitor_Kill_Average":0.05854192312953085
,"First_Tower_Kill":234
,"First_Tower_Kill_Average":0.03200656544932294
,"First_Tower_Assist":170
,"First_Tower_Assist_Average":0.023252633018738887
,"Largest_Killing_Spree":22185
,"Largest_Killing_Spree_Average":3.0344686089454247
,"Largest_Multu_Kill":10450
,"Largest_Multi_Kill_Average":1.4293530296813022
,"Largest_Critical_Strike":1776
,"Total_Crit_Average":308.32594720284504
,"Total_Crit":2254171
,"Magic_Damage_Dealt_To_Champion_Average":1084.4013130898645
,"Magic_Damage_Dealt_To_Champion":7928058
,"Magic_Damage_Dealt":105623146
,"Magic_Damage_Dealt_Average":14447.154424839284
,"Magic_Damage_Taken":56809059
,"Magic_Damage_Taken_Average":7770.354123922856
,"Minions_Killed":378075
,"Minions_Killed_Average":51.71317193270414
,"Neutral_Minion_Killed":428850
,"Neutral_Minion_Killed_Average":58.658186294624535
,"Neutral_Minion_Killed_Enemy_Jungle":74047
,"Neutral_Minion_Killed_Enemy_Jungle_Average":10.12816304199152
,"Pentakills":3
,"Pentakills_Average":0.0004103405826836274
,"Physical_Damage_Dealt_To_Champion":97647507
,"Physical_Damage_Dealt_To_Champion_Average":13356.244973327863
,"Physical_Damage_Dealt":870754133
,"Physical_Damage_Dealt_Average":119101.9194364656
,"Physical_Damage_Taken":136701161
,"Physical_Damage_Taken_Average":18698.011352756123
,"Total_Damage_Dealt":1051685795
,"Total_Damage_Dealt_Average":143849.78730679798
,"Total_Damage_Dealt_To_Champion":112808244
,"Total_Damage_Dealt_To_Champion_Average":15429.933524825605
,"Total_Damage_Taken":200056753
,"Total_Damage_Taken_Average":27363.801531938174
,"Total_Heal":14272081
,"Total_Heal_Average":1952.138011215976
,"Total_Time_Crowd_Control_Dealt":5445149
,"Total_Time_Crowd_Control_Dealt_Average":744.7885378197237
,"Tower_Kills":4255
,"Tower_Kills_Average":0.5819997264396115
,"True_Damage_Dealt_To_Champion":7229181
,"True_Damage_Dealt_To_Champion_Average":988.8087812884694
,"True_Damage_Dealt":75304197
,"True_Damage_Dealt_Average":10300.122691834222
,"True_Damage_Taken":6541394
,"True_Damage_Taken_Average":894.7331418410614
,"Sight_Wards_Bought":2793
,"Sight_Wards_Bought_Average":0.3820270824784571
,"Vision_Wards_Bought":2437
,"Vision_Wards_Bought_Average":0.3333333333333333
,"Total_Wards_Bought":0.7153604158117904
,"Wards_Placed":44960
,"Wards_Placed_Average":6.149637532485296
,"Wards_Killed":5609
,"WardsKilled_Average":0.7672001094241554
,"Win":3844
,"Win_Rate":0.5257830666119546
,"lose":3467
,"Lose_Rate":0.47421693338804544

}



"Items" = {

	"one" : {
		"name" : "Trinity Force",
		"percentages" : "38.62%",
		"win" : "60.94%",
	},
	"two" : {
		"name" : "Randuin’s Omen",
		"percentages" :"24.53%" ,
		"win" : "57.13%",
	},
	"three" : {
		"name" : "The Black Cleaver",
		"percentages" : "24.25%",
		"win" : "59.10%",
	},
	"four" : {
		"name" : "Sunfire Cape",
		"percentages" : "13.85%",
		"win" : "56.36%",
	},
	"five" : {
		"name" : "Blade of the Ruined King",
		"percentages" : "13.50%",
		"win" : "62.61%",
	},
	"six" : {
		"name" : "Ruby Sightstone",
		"percentages" : "11.40%",
		"win" : "44.12%",
	},
	"seven" : {
		"name" : "Dead Man’s Plate",
		"percentages" : "11.28%",
		"win" : "60.84%",
	},
	"eight" : {
		"name" : "Banshee’s Veil",
		"percentages" : "10.55%",
		"win" : "57.77%",
	},
	"nine" : {
		"name" : "Typhoon Claws",
		"percentages" : "8.41%",
		"win" : "58.37%",
	},
	"ten" : {
		"name" : "Warmog’s Armor",
		"percentages" : "7.22%",
		"win" : "56.06%",
	},

}
}