{"champion" = {
	"Pick_Time":11532
,"Ban_Rate":0.009960865616104863
,"Ban_Rate_Game":0.059
,"Ban_Time":5900
,"Pick_Rate":0.11532
,"Assists_Rate":6.715227193895248
,"Assists":77440
,"Death_Rate":7.054717308359348
,"Death":81355
,"Kills_Rate":7.3405306971904265
,"Kills":84651
,"KDA":1.9923913711511279
,"Gold_Earned":127036397
,"Gold_Earned_Average":11015.990027748872
,"Gold_Spent":117730513
,"Gold_Spent_Average":10209.028182448837
,"First_Blood_Assist":0
,"First_Blood_Assist_Average":0
,"First_Blood_Kill":1148
,"First_Blood_Average":0.09954908081859175
,"First_Inhibitor_Assist":1724
,"First_Inhibitor_Assist_Average":0.1494970516822754
,"First_Inhibitor_Kill":608
,"First_Inhibitor_Kill_Average":0.05272285813388831
,"First_Tower_Kill":921
,"First_Tower_Kill_Average":0.07986472424557753
,"First_Tower_Assist":242
,"First_Tower_Assist_Average":0.02098508498092265
,"Largest_Killing_Spree":36343
,"Largest_Killing_Spree_Average":3.151491501907735
,"Largest_Multu_Kill":17372
,"Largest_Multi_Kill_Average":1.5064169268123482
,"Largest_Critical_Strike":1062
,"Total_Crit_Average":3.236732570239334
,"Total_Crit":37326
,"Magic_Damage_Dealt_To_Champion_Average":20036.236472424556
,"Magic_Damage_Dealt_To_Champion":231057879
,"Magic_Damage_Dealt":1261533200
,"Magic_Damage_Dealt_Average":109394.13805064169
,"Magic_Damage_Taken":93051827
,"Magic_Damage_Taken_Average":8069.010319112036
,"Minions_Killed":1554076
,"Minions_Killed_Average":134.76205341657996
,"Neutral_Minion_Killed":83796
,"Neutral_Minion_Killed_Average":7.266389177939646
,"Neutral_Minion_Killed_Enemy_Jungle":22668
,"Neutral_Minion_Killed_Enemy_Jungle_Average":1.9656607700312174
,"Pentakills":13
,"Pentakills_Average":0.0011272979535206383
,"Physical_Damage_Dealt_To_Champion":9684449
,"Physical_Damage_Dealt_To_Champion_Average":839.7891952826916
,"Physical_Damage_Dealt":180162840
,"Physical_Damage_Dealt_Average":15622.861602497398
,"Physical_Damage_Taken":108647066
,"Physical_Damage_Taken_Average":9421.355012140131
,"Total_Damage_Dealt":1450660843
,"Total_Damage_Dealt_Average":125794.38458203261
,"Total_Damage_Dealt_To_Champion":246767347
,"Total_Damage_Dealt_To_Champion_Average":21398.486559139787
,"Total_Damage_Taken":209256328
,"Total_Damage_Taken_Average":18145.710024280263
,"Total_Heal":11824090
,"Total_Heal_Average":1025.328650711065
,"Total_Time_Crowd_Control_Dealt":3108776
,"Total_Time_Crowd_Control_Dealt_Average":269.5782171349289
,"Tower_Kills":8003
,"Tower_Kills_Average":0.6939819632327436
,"True_Damage_Dealt_To_Champion":6018679
,"True_Damage_Dealt_To_Champion_Average":521.9111168921263
,"True_Damage_Dealt":8958170
,"True_Damage_Dealt_Average":776.8097467915366
,"True_Damage_Taken":7549413
,"True_Damage_Taken_Average":654.6490634755463
,"Sight_Wards_Bought":4192
,"Sight_Wards_Bought_Average":0.36351023239680885
,"Vision_Wards_Bought":2534
,"Vision_Wards_Bought_Average":0.21973638570933055
,"Total_Wards_Bought":0.5832466181061394
,"Wards_Placed":72518
,"Wards_Placed_Average":6.288414845646896
,"Wards_Killed":3723
,"WardsKilled_Average":0.322840790842872
,"Win":5665
,"Win_Rate":0.4912417620534166
,"lose":5867
,"Lose_Rate":0.5087582379465834

}




"Items" = {

	"one" : {
		"name" : "Luden’s Echo",
		"percentages" : "32.63%",
		"win" : "57.56%",
	},
	"two" : {
		"name" : "Rabadon’s Deathcap",
		"percentages" :"31.92%" ,
		"win" : "57.71%",
	},
	"three" : {
		"name" : "Zhonya’s Hourglass",
		"percentages" : "18.47%",
		"win" : "53.16%",
	},
	"four" : {
		"name" : "Lich Bane",
		"percentages" : "15.53%",
		"win" : "57.81%",
	},
	"five" : {
		"name" : "Netherstride Grimoire",
		"percentages" : "12.62%",
		"win" : "57.89%",
	},
	"six" : {
		"name" : "Pox Arcana",
		"percentages" : "9.09%",
		"win" : "52.81%",
	},
	"seven" : {
		"name" : "Void Staff",
		"percentages" : "8.54%",
		"win" : "59.18%",
	},
	"eight" : {
		"name" : "Lost Chapter",
		"percentages" : "5.89%",
		"win" : "46.91%",
	},
	"nine" : {
		"name" : "Rite of Ruin",
		"percentages" : "5.66%",
		"win" : "54.82%",
	},
	"ten" : {
		"name" : "Trickster’s Glass",
		"percentages" : "5.30%",
		"win" : "57.84%",
	},

}
}