{"champion" = {
	"Pick_Time":6409
,"Ban_Rate":0.004777838931114706
,"Ban_Rate_Game":0.0283
,"Ban_Time":2830
,"Pick_Rate":0.06409
,"Assists_Rate":6.424403183023872
,"Assists":41174
,"Death_Rate":6.709002964581058
,"Death":42998
,"Kills_Rate":6.604150413481042
,"Kills":42326
,"KDA":1.9419507884087632
,"Gold_Earned":70575120
,"Gold_Earned_Average":11011.87704790139
,"Gold_Spent":64524210
,"Gold_Spent_Average":10067.750039007646
,"First_Blood_Assist":0
,"First_Blood_Assist_Average":0
,"First_Blood_Kill":649
,"First_Blood_Average":0.10126384771415198
,"First_Inhibitor_Assist":983
,"First_Inhibitor_Assist_Average":0.15337806210017163
,"First_Inhibitor_Kill":324
,"First_Inhibitor_Kill_Average":0.05055390856607895
,"First_Tower_Kill":731
,"First_Tower_Kill_Average":0.11405835543766578
,"First_Tower_Assist":155
,"First_Tower_Assist_Average":0.02418474020908098
,"Largest_Killing_Spree":17897
,"Largest_Killing_Spree_Average":2.7924793259478857
,"Largest_Multu_Kill":9291
,"Largest_Multi_Kill_Average":1.4496801373069121
,"Largest_Critical_Strike":394
,"Total_Crit_Average":1.462318614448432
,"Total_Crit":9372
,"Magic_Damage_Dealt_To_Champion_Average":19945.36870026525
,"Magic_Damage_Dealt_To_Champion":127829868
,"Magic_Damage_Dealt":804811556
,"Magic_Damage_Dealt_Average":125575.21547823373
,"Magic_Damage_Taken":69476419
,"Magic_Damage_Taken_Average":10840.446091433922
,"Minions_Killed":939763
,"Minions_Killed_Average":146.63176782649398
,"Neutral_Minion_Killed":42470
,"Neutral_Minion_Killed_Average":6.626618817288189
,"Neutral_Minion_Killed_Enemy_Jungle":17407
,"Neutral_Minion_Killed_Enemy_Jungle_Average":2.716024340770791
,"Pentakills":7
,"Pentakills_Average":0.0010922140739584958
,"Physical_Damage_Dealt_To_Champion":6093872
,"Physical_Damage_Dealt_To_Champion_Average":950.8303947573725
,"Physical_Damage_Dealt":91303484
,"Physical_Damage_Dealt_Average":14246.135746606335
,"Physical_Damage_Taken":117307294
,"Physical_Damage_Taken_Average":18303.525354969574
,"Total_Damage_Dealt":900769047
,"Total_Damage_Dealt_Average":140547.51864565455
,"Total_Damage_Dealt_To_Champion":137152502
,"Total_Damage_Dealt_To_Champion_Average":21399.984709002965
,"Total_Damage_Taken":193349749
,"Total_Damage_Taken_Average":30168.473864877516
,"Total_Heal":125453483
,"Total_Heal_Average":19574.57996567327
,"Total_Time_Crowd_Control_Dealt":2613351
,"Total_Time_Crowd_Control_Dealt_Average":407.762677484787
,"Tower_Kills":5375
,"Tower_Kills_Average":0.8386643782181308
,"True_Damage_Dealt_To_Champion":3225307
,"True_Damage_Dealt_To_Champion_Average":503.24652831955063
,"True_Damage_Dealt":4650512
,"True_Damage_Dealt_Average":725.6220939304104
,"True_Damage_Taken":6562027
,"True_Damage_Taken_Average":1023.8768918708067
,"Sight_Wards_Bought":2361
,"Sight_Wards_Bought_Average":0.36838820408800127
,"Vision_Wards_Bought":1431
,"Vision_Wards_Bought_Average":0.22327976283351536
,"Total_Wards_Bought":0.5916679669215166
,"Wards_Placed":40204
,"Wards_Placed_Average":6.273053518489624
,"Wards_Killed":1763
,"WardsKilled_Average":0.2750819160555469
,"Win":3172
,"Win_Rate":0.4949290060851927
,"lose":3237
,"Lose_Rate":0.5050709939148073

}



"Items" = {

	"one" : {
		"name" : "Will of the Ancients",
		"percentages" : "88.18%",
		"win" : "50.90%",
	},
	"two" : {
		"name" : "Zhonya’s Hourglass",
		"percentages" :"43.03%" ,
		"win" : "53.33%",
	},
	"three" : {
		"name" : "Rylai’s Crystal Scepter",
		"percentages" : "24.88%",
		"win" : "55.48%",
	},
	"four" : {
		"name" : "Rabadon’s Deathcap",
		"percentages" : "23.26%",
		"win" : "61.23%",
	},
	"five" : {
		"name" : "Spirit Visage",
		"percentages" : "21.89%",
		"win" : "53.02%",
	},
	"six" : {
		"name" : "Liandry’s Torment",
		"percentages" : "14.57%",
		"win" : "52.56%",
	},
	"seven" : {
		"name" : "Trickster’s Glass",
		"percentages" : "13.12%",
		"win" : "57.78%",
	},
	"eight" : {
		"name" : "Abyssal Scepter",
		"percentages" : "7.19%",
		"win" : "56.39%",
	},
	"nine" : {
		"name" : "Void Staff",
		"percentages" : "6.91%",
		"win" : "55.75%",
	},
	"ten" : {
		"name" : "Luden’s Echo",
		"percentages" : "6.77%",
		"win" : "61.75%",
	},

}
}