{"champion" : {
	"Pick_Time":5813
,"Ban_Rate":0.00224541546939313
,"Ban_Rate_Game":0.0133
,"Ban_Time":1330
,"Pick_Rate":0.05813
,"Assists_Rate":6.896266987785997
,"Assists":40088
,"Death_Rate":6.284018579046964
,"Death":36529
,"Kills_Rate":7.461207638052641
,"Kills":43372
,"KDA":2.2847600536559995
,"Gold_Earned":65892311
,"Gold_Earned_Average":11335.336487183898
,"Gold_Spent":60789968
,"Gold_Spent_Average":10457.589540684672
,"First_Blood_Assist":0
,"First_Blood_Assist_Average":0
,"First_Blood_Kill":728
,"First_Blood_Average":0.12523653879236193
,"First_Inhibitor_Assist":683
,"First_Inhibitor_Assist_Average":0.11749526922415277
,"First_Inhibitor_Kill":555
,"First_Inhibitor_Kill_Average":0.0954756580079133
,"First_Tower_Kill":581
,"First_Tower_Kill_Average":0.09994839153621193
,"First_Tower_Assist":118
,"First_Tower_Assist_Average":0.020299329089970754
,"Largest_Killing_Spree":19384
,"Largest_Killing_Spree_Average":3.3345948735592637
,"Largest_Multu_Kill":8711
,"Largest_Multi_Kill_Average":1.4985377601926717
,"Largest_Critical_Strike":2395
,"Total_Crit_Average":240.32048856012386
,"Total_Crit":1396983
,"Magic_Damage_Dealt_To_Champion_Average":820.5601238603131
,"Magic_Damage_Dealt_To_Champion":4769916
,"Magic_Damage_Dealt":45846551
,"Magic_Damage_Dealt_Average":7886.900223636677
,"Magic_Damage_Taken":45630169
,"Magic_Damage_Taken_Average":7849.676414932049
,"Minions_Killed":650540
,"Minions_Killed_Average":111.91123344228454
,"Neutral_Minion_Killed":127179
,"Neutral_Minion_Killed_Average":21.878376053672802
,"Neutral_Minion_Killed_Enemy_Jungle":29605
,"Neutral_Minion_Killed_Enemy_Jungle_Average":5.09289523481851
,"Pentakills":11
,"Pentakills_Average":0.0018923103388955788
,"Physical_Damage_Dealt_To_Champion":97351587
,"Physical_Damage_Dealt_To_Champion_Average":16747.21950799931
,"Physical_Damage_Dealt":678836395
,"Physical_Damage_Dealt_Average":116779.01169791845
,"Physical_Damage_Taken":107384675
,"Physical_Damage_Taken_Average":18473.193703767418
,"Total_Damage_Dealt":756930243
,"Total_Damage_Dealt_Average":130213.35678651299
,"Total_Damage_Dealt_To_Champion":105639383
,"Total_Damage_Dealt_To_Champion_Average":18172.95424049544
,"Total_Damage_Taken":158124823
,"Total_Damage_Taken_Average":27201.93067263031
,"Total_Heal":14192831
,"Total_Heal_Average":2441.5673490452436
,"Total_Time_Crowd_Control_Dealt":2678497
,"Total_Time_Crowd_Control_Dealt_Average":460.77705143643556
,"Tower_Kills":6498
,"Tower_Kills_Average":1.1178393256494066
,"True_Damage_Dealt_To_Champion":3514748
,"True_Damage_Dealt_To_Champion_Average":604.635816273869
,"True_Damage_Dealt":32243636
,"True_Damage_Dealt_Average":5546.8150696714265
,"True_Damage_Taken":5106273
,"True_Damage_Taken_Average":878.4230173748495
,"sight_Wards_Bought":1706
,"sight_Wards_Bought_Average":0.2934801307414416
,"Vision_Wards_Bought":1181
,"Vision_Wards_Bought_Average":0.20316531911233443
,"Total_Wards_Bought":0.496645449853776
,"Wards_Placed":36118
,"Wards_Placed_Average":6.21331498365732
,"Wards_Killed":2708
,"WardsKilled_Average":0.46585239979356613
,"Win":3115
,"Win_Rate":0.5358678823327025
,"lose":2698
,"Lose_Rate":0.46413211766729745

}




"Items" : {

	"one" : {
		"name" : "Ravenous Hydra",
		"percentages" : "60.53%",
		"win" : "58.51%",
	},
	"two" : {
		"name" : "The Black Cleaver",
		"percentages" :"36.43%" ,
		"win" : "61.33%",
	},
	"three" : {
		"name" : "Randuin’s Omen",
		"percentages" : "17.80%",
		"win" : "56.23%",
	},
	"four" : {
		"name" : "Last Whisper",
		"percentages" : "16.94%",
		"win" : "65.07%",
	},
	"five" : {
		"name" : "Trinity Force",
		"percentages" : "14.98%",
		"win" : "60.61%",
	},
	"six" : {
		"name" : "Flesheater",
		"percentages" : "13.96%",
		"win" : "59.60%",
	},
	"seven" : {
		"name" : 'sunfire Cape",
		"percentages" : "13.79%",
		"win" : "58.97%",
	},
	"eight" : {
		"name" : "Ruby Sightstone",
		"percentages" : "9.32%",
		"win" : "42.06%",
	},
	"nine" : {
		"name" : "Dead Man’s Plate",
		"percentages" : "8.63%",
		"win" : "60.15%",
	},
	"ten" : {
		"name" : "Youmuu’s Ghostblade",
		"percentages" : "8.30%",
		"win" : "62.73%",
	},

}
}