{"champion" : {
	"Pick_Time":18662
,"Ban_Rate":0.07137888769208432
,"Ban_Rate_Game":0.42279
,"Ban_Time":42279
,"Pick_Rate":0.18662
,"Assists_Rate":6.21573250455471
,"Assists":115998
,"Death_Rate":8.099828528560712
,"Death":151159
,"Kills_Rate":8.454399314114243
,"Kills":157776
,"KDA":1.811165726155902
,"Gold_Earned":227134624
,"Gold_Earned_Average":12170.969027971278
,"Gold_Spent":209323861
,"Gold_Spent_Average":11216.582413460508
,"First_Blood_Assist":0
,"First_Blood_Assist_Average":0
,"First_Blood_Kill":3272
,"First_Blood_Average":0.17532954667238237
,"First_Inhibitor_Assist":2375
,"First_Inhibitor_Assist_Average":0.12726395884685457
,"First_Inhibitor_Kill":1776
,"First_Inhibitor_Kill_Average":0.0951666488050584
,"First_Tower_Kill":2473
,"First_Tower_Kill_Average":0.13251527167506164
,"First_Tower_Assist":494
,"First_Tower_Assist_Average":0.02647090344014575
,"Largest_Killing_Spree":61233
,"Largest_Killing_Spree_Average":3.281159575608188
,"Largest_Multu_Kill":31088
,"Largest_Multi_Kill_Average":1.665845032686743
,"Largest_Critical_Strike":2607
,"Total_Crit_Average":621.0922194834422
,"Total_Crit":11590823
,"Magic_Damage_Dealt_To_Champion_Average":4016.899796377666
,"Magic_Damage_Dealt_To_Champion":74963384
,"Magic_Damage_Dealt":623732711
,"Magic_Damage_Dealt_Average":33422.608027006754
,"Magic_Damage_Taken":146346496
,"Magic_Damage_Taken_Average":7841.951344979102
,"Minions_Killed":2998647
,"Minions_Killed_Average":160.6819740649448
,"Neutral_Minion_Killed":265947
,"Neutral_Minion_Killed_Average":14.250723395134498
,"Neutral_Minion_Killed_Enemy_Jungle":106469
,"Neutral_Minion_Killed_Enemy_Jungle_Average":5.705122709248741
,"Pentakills":95
,"Pentakills_Average":0.005090558353874183
,"Physical_Damage_Dealt_To_Champion":287725674
,"Physical_Damage_Dealt_To_Champion_Average":15417.72982531347
,"Physical_Damage_Dealt":2505511246
,"Physical_Damage_Dealt_Average":134257.38109527383
,"Physical_Damage_Taken":278295421
,"Physical_Damage_Taken_Average":14912.411370699818
,"Total_Damage_Dealt":3168894249
,"Total_Damage_Dealt_Average":169804.64307148216
,"Total_Damage_Dealt_To_Champion":375546012
,"Total_Damage_Dealt_To_Champion_Average":20123.567248955096
,"Total_Damage_Taken":440869548
,"Total_Damage_Taken_Average":23623.917479369844
,"Total_Heal":22868268
,"Total_Heal_Average":1225.3921337477227
,"Total_Time_Crowd_Control_Dealt":7376952
,"Total_Time_Crowd_Control_Dealt_Average":395.2926803129354
,"Tower_Kills":21329
,"Tower_Kills_Average":1.1429107276819206
,"True_Damage_Dealt_To_Champion":12846597
,"True_Damage_Dealt_To_Champion_Average":688.382649233737
,"True_Damage_Dealt":39638995
,"True_Damage_Dealt_Average":2124.048601436073
,"True_Damage_Taken":16214935
,"True_Damage_Taken_Average":868.874450755546
,"sight_Wards_Bought":6356
,"sight_Wards_Bought_Average":0.34058514628657166
,"Vision_Wards_Bought":3529
,"Vision_Wards_Bought_Average":0.1891008466402315
,"Total_Wards_Bought":0.5296859929268032
,"Wards_Placed":110244
,"Wards_Placed_Average":5.907405422784268
,"Wards_Killed":5856
,"WardsKilled_Average":0.31379273389776013
,"Win":9430
,"Win_Rate":0.5053048976529847
,"lose":9232
,"Lose_Rate":0.4946951023470153

}



"Items" : {

	"one" : {
		"name" : 'statikk Shiv",
		"percentages" : "92.44%",
		"win" : "51.91%",
	},
	"two" : {
		"name" : "Infinity Edge",
		"percentages" :"59.32%" ,
		"win" : "58.52%",
	},
	"three" : {
		"name" : "Blade of the Ruined King",
		"percentages" : "30.14%",
		"win" : "55.49%",
	},
	"four" : {
		"name" : "The Bloodthirster",
		"percentages" : "22.70%",
		"win" : "61.56%",
	},
	"five" : {
		"name" : "Last Whisper",
		"percentages" : "16.25%",
		"win" : "58.50%",
	},
	"six" : {
		"name" : "Flesheater",
		"percentages" : "11.77%",
		"win" : "52.50%",
	},
	"seven" : {
		"name" : "Mirage Blade",
		"percentages" : "11.18%",
		"win" : "56.15%",
	},
	"eight" : {
		"name" : "Typhoon Claws",
		"percentages" : "5.42%",
		"win" : "55.33%",
	},
	"nine" : {
		"name" : "Guardian Angel",
		"percentages" : "4.00%",
		"win" : "58.55%",
	},
	"ten" : {
		"name" : "Trinity Force",
		"percentages" : "3.34%",
		"win" : "63.52%",
	},

}
}