{"champion" : {
	"Pick_Time":1582
,"Ban_Rate":0.0014012743154859383
,"Ban_Rate_Game":0.0083
,"Ban_Time":830
,"Pick_Rate":0.01582
,"Assists_Rate":6.939317319848294
,"Assists":10978
,"Death_Rate":6.543615676359039
,"Death":10352
,"Kills_Rate":5.163716814159292
,"Kills":8169
,"KDA":1.8495942812983
,"Gold_Earned":16046160
,"Gold_Earned_Average":10142.958280657396
,"Gold_Spent":14749203
,"Gold_Spent_Average":9323.137168141593
,"First_Blood_Assist":0
,"First_Blood_Assist_Average":0
,"First_Blood_Kill":176
,"First_Blood_Average":0.11125158027812895
,"First_Inhibitor_Assist":189
,"First_Inhibitor_Assist_Average":0.11946902654867257
,"First_Inhibitor_Kill":116
,"First_Inhibitor_Kill_Average":0.07332490518331226
,"First_Tower_Kill":131
,"First_Tower_Kill_Average":0.08280657395701643
,"First_Tower_Assist":46
,"First_Tower_Assist_Average":0.029077117572692796
,"Largest_Killing_Spree":3417
,"Largest_Killing_Spree_Average":2.1599241466498103
,"Largest_Multu_Kill":1968
,"Largest_Multi_Kill_Average":1.2439949431099873
,"Largest_Critical_Strike":1534
,"Total_Crit_Average":180.07648546144122
,"Total_Crit":284881
,"Magic_Damage_Dealt_To_Champion_Average":6616.400758533502
,"Magic_Damage_Dealt_To_Champion":10467146
,"Magic_Damage_Dealt":45145989
,"Magic_Damage_Dealt_Average":28537.28761061947
,"Magic_Damage_Taken":14762701
,"Magic_Damage_Taken_Average":9331.669405815424
,"Minions_Killed":171447
,"Minions_Killed_Average":108.37357774968395
,"Neutral_Minion_Killed":16808
,"Neutral_Minion_Killed_Average":10.624525916561314
,"Neutral_Minion_Killed_Enemy_Jungle":5023
,"Neutral_Minion_Killed_Enemy_Jungle_Average":3.175094816687737
,"Pentakills":0
,"Pentakills_Average":0
,"Physical_Damage_Dealt_To_Champion":16645100
,"Physical_Damage_Dealt_To_Champion_Average":10521.554993678887
,"Physical_Damage_Dealt":115299385
,"Physical_Damage_Dealt_Average":72882.03855878634
,"Physical_Damage_Taken":31225585
,"Physical_Damage_Taken_Average":19738.04361567636
,"Total_Damage_Dealt":164424494
,"Total_Damage_Dealt_Average":103934.57269279392
,"Total_Damage_Dealt_To_Champion":27788366
,"Total_Damage_Dealt_To_Champion_Average":17565.33881163085
,"Total_Damage_Taken":47771258
,"Total_Damage_Taken_Average":30196.749683944374
,"Total_Heal":19340820
,"Total_Heal_Average":12225.549936788875
,"Total_Time_Crowd_Control_Dealt":2571632
,"Total_Time_Crowd_Control_Dealt_Average":1625.5575221238937
,"Tower_Kills":1358
,"Tower_Kills_Average":0.8584070796460177
,"True_Damage_Dealt_To_Champion":675272
,"True_Damage_Dealt_To_Champion_Average":426.84702907711755
,"True_Damage_Dealt":3978211
,"True_Damage_Dealt_Average":2514.6719342604297
,"True_Damage_Taken":1781951
,"True_Damage_Taken_Average":1126.3912768647283
,"sight_Wards_Bought":476
,"sight_Wards_Bought_Average":0.3008849557522124
,"Vision_Wards_Bought":275
,"Vision_Wards_Bought_Average":0.1738305941845765
,"Total_Wards_Bought":0.4747155499367889
,"Wards_Placed":9709
,"Wards_Placed_Average":6.1371681415929205
,"Wards_Killed":423
,"WardsKilled_Average":0.26738305941845764
,"Win":729
,"Win_Rate":0.4608091024020228
,"lose":853
,"Lose_Rate":0.5391908975979772

}




"Items" : {

	"one" : {
		"name" : "Muramana",
		"percentages" : "38.30%",
		"win" : "52.31%",
	},
	"two" : {
		"name" : "Manamune",
		"percentages" :"33.50%" ,
		"win" : "45.84%",
	},
	"three" : {
		"name" : "spirit Visage",
		"percentages" : "32.42%",
		"win" : "50.87%",
	},
	"four" : {
		"name" : "Trinity Force",
		"percentages" : "21.30%",
		"win" : "56.97%",
	},
	"five" : {
		"name" : "Frozen Heart",
		"percentages" : "18.77%",
		"win" : "49.83%",
	},
	"six" : {
		"name" : "Iceborn Gauntlet",
		"percentages" : "16.05%",
		"win" : "48.81%",
	},
	"seven" : {
		"name" : "Essence Reaver",
		"percentages" : "10.17%",
		"win" : "63.35%",
	},
	"eight" : {
		"name" : "Warmog’s Armor",
		"percentages" : "8.91%",
		"win" : "48.22%",
	},
	"nine" : {
		"name" : "Flesheater",
		"percentages" : "8.47%",
		"win" : "47.76%",
	},
	"ten" : {
		"name" : "Ruby Sightstone",
		"percentages" : "7.83%",
		"win" : "49.19%",
	},

}
}