{"champion" = {
	"Pick_Time":1804
,"Ban_Rate":0.0010247873608433308
,"Ban_Rate_Game":0.00607
,"Ban_Time":607
,"Pick_Rate":0.01804
,"Assists_Rate":10.86031042128603
,"Assists":19592
,"Death_Rate":6.092017738359202
,"Death":10990
,"Kills_Rate":3.074279379157428
,"Kills":5546
,"KDA":2.2873521383075524
,"Gold_Earned":17187585
,"Gold_Earned_Average":9527.486141906873
,"Gold_Spent":15603523
,"Gold_Spent_Average":8649.402993348116
,"First_Blood_Assist":0
,"First_Blood_Assist_Average":0
,"First_Blood_Kill":74
,"First_Blood_Average":0.041019955654102
,"First_Inhibitor_Assist":287
,"First_Inhibitor_Assist_Average":0.1590909090909091
,"First_Inhibitor_Kill":58
,"First_Inhibitor_Kill_Average":0.03215077605321508
,"First_Tower_Kill":77
,"First_Tower_Kill_Average":0.042682926829268296
,"First_Tower_Assist":166
,"First_Tower_Assist_Average":0.09201773835920177
,"Largest_Killing_Spree":2366
,"Largest_Killing_Spree_Average":1.311529933481153
,"Largest_Multu_Kill":1724
,"Largest_Multi_Kill_Average":0.9556541019955654
,"Largest_Critical_Strike":689
,"Total_Crit_Average":4.632483370288249
,"Total_Crit":8357
,"Magic_Damage_Dealt_To_Champion_Average":10526.714523281596
,"Magic_Damage_Dealt_To_Champion":18990193
,"Magic_Damage_Dealt":115635205
,"Magic_Damage_Dealt_Average":64099.33758314856
,"Magic_Damage_Taken":13338656
,"Magic_Damage_Taken_Average":7393.933481152993
,"Minions_Killed":108695
,"Minions_Killed_Average":60.25221729490022
,"Neutral_Minion_Killed":4335
,"Neutral_Minion_Killed_Average":2.402993348115299
,"Neutral_Minion_Killed_Enemy_Jungle":1592
,"Neutral_Minion_Killed_Enemy_Jungle_Average":0.8824833702882483
,"Pentakills":0
,"Pentakills_Average":0
,"Physical_Damage_Dealt_To_Champion":2556619
,"Physical_Damage_Dealt_To_Champion_Average":1417.1945676274945
,"Physical_Damage_Dealt":16706308
,"Physical_Damage_Dealt_Average":9260.70288248337
,"Physical_Damage_Taken":19565152
,"Physical_Damage_Taken_Average":10845.427937915743
,"Total_Damage_Dealt":133022586
,"Total_Damage_Dealt_Average":73737.57538802661
,"Total_Damage_Dealt_To_Champion":21867255
,"Total_Damage_Dealt_To_Champion_Average":12121.538248337029
,"Total_Damage_Taken":33783149
,"Total_Damage_Taken_Average":18726.800997782706
,"Total_Heal":6543893
,"Total_Heal_Average":3627.4351441241683
,"Total_Time_Crowd_Control_Dealt":481962
,"Total_Time_Crowd_Control_Dealt_Average":267.1629711751663
,"Tower_Kills":695
,"Tower_Kills_Average":0.3852549889135255
,"True_Damage_Dealt_To_Champion":319474
,"True_Damage_Dealt_To_Champion_Average":177.0920177383592
,"True_Damage_Dealt":680086
,"True_Damage_Dealt_Average":376.9878048780488
,"True_Damage_Taken":878133
,"True_Damage_Taken_Average":486.769955654102
,"Sight_Wards_Bought":1027
,"Sight_Wards_Bought_Average":0.5692904656319291
,"Vision_Wards_Bought":580
,"Vision_Wards_Bought_Average":0.3215077605321508
,"Total_Wards_Bought":0.8907982261640798
,"Wards_Placed":18880
,"Wards_Placed_Average":10.465631929046562
,"Wards_Killed":1031
,"WardsKilled_Average":0.5715077605321508
,"Win":854
,"Win_Rate":0.47339246119733924
,"lose":950
,"Lose_Rate":0.5266075388026608

}





"Items" = {

	"one" : {
		"name" : "Sightstone",
		"percentages" : "32.42%",
		"win" : "48.54%",
	},
	"two" : {
		"name" : "Seraph’s Embrace",
		"percentages" :"24.27%" ,
		"win" : "51.82%",
	},
	"three" : {
		"name" : "Rabadon’s Deathcap",
		"percentages" : "21.61%",
		"win" : "53.58%",
	},
	"four" : {
		"name" : "Luden’s Echo",
		"percentages" : "12.97%",
		"win" : "54.27%",
	},
	"five" : {
		"name" : "Zhonya’s Hourglass",
		"percentages" : "12.19%",
		"win" : "49.09%",
	},
	"six" : {
		"name" : "Trickster’s Glass",
		"percentages" : "9.70%",
		"win" : "58.28%",
	},
	"seven" : {
		"name" : "Pox Arcana",
		"percentages" : "8.25%",
		"win" : "57.04%",
	},
	"eight" : {
		"name" : "Void Staff",
		"percentages" : "7.42%",
		"win" : "48.50%",
	},
	"nine" : {
		"name" : "Globe of Trust",
		"percentages" : "7.31%",
		"win" : "45.45%",
	},
	"ten" : {
		"name" : "Netherstride Grimoire",
		"percentages" : "7.15%",
		"win" : "49.61%",
	},

}
}