{"champion" : {
	"Pick_Time":2494
,"Ban_Rate":0.00047609561080365614
,"Ban_Rate_Game":0.00282
,"Ban_Time":282
,"Pick_Rate":0.02494
,"Assists_Rate":10.04691259021652
,"Assists":25057
,"Death_Rate":7.192862870890137
,"Death":17939
,"Kills_Rate":5.362068965517241
,"Kills":13373
,"KDA":2.14225988070684
,"Gold_Earned":26418249
,"Gold_Earned_Average":10592.722133119487
,"Gold_Spent":24326430
,"Gold_Spent_Average":9753.98155573376
,"First_Blood_Assist":0
,"First_Blood_Assist_Average":0
,"First_Blood_Kill":179
,"First_Blood_Average":0.07177225340817964
,"First_Inhibitor_Assist":398
,"First_Inhibitor_Assist_Average":0.1595829991980754
,"First_Inhibitor_Kill":86
,"First_Inhibitor_Kill_Average":0.034482758620689655
,"First_Tower_Kill":123
,"First_Tower_Kill_Average":0.049318364073777064
,"First_Tower_Assist":201
,"First_Tower_Assist_Average":0.0805934242181235
,"Largest_Killing_Spree":5090
,"Largest_Killing_Spree_Average":2.0408981555733763
,"Largest_Multu_Kill":3172
,"Largest_Multi_Kill_Average":1.2718524458700882
,"Largest_Critical_Strike":543
,"Total_Crit_Average":2.975942261427426
,"Total_Crit":7422
,"Magic_Damage_Dealt_To_Champion_Average":17853.00801924619
,"Magic_Damage_Dealt_To_Champion":44525402
,"Magic_Damage_Dealt":194660749
,"Magic_Damage_Dealt_Average":78051.62349639134
,"Magic_Damage_Taken":18021502
,"Magic_Damage_Taken_Average":7225.943063352045
,"Minions_Killed":185270
,"Minions_Killed_Average":74.28628708901363
,"Neutral_Minion_Killed":11132
,"Neutral_Minion_Killed_Average":4.463512429831596
,"Neutral_Minion_Killed_Enemy_Jungle":3612
,"Neutral_Minion_Killed_Enemy_Jungle_Average":1.4482758620689655
,"Pentakills":0
,"Pentakills_Average":0
,"Physical_Damage_Dealt_To_Champion":3679761
,"Physical_Damage_Dealt_To_Champion_Average":1475.4454691259023
,"Physical_Damage_Dealt":29241322
,"Physical_Damage_Dealt_Average":11724.668003207698
,"Physical_Damage_Taken":25496334
,"Physical_Damage_Taken_Average":10223.068965517241
,"Total_Damage_Dealt":232015790
,"Total_Damage_Dealt_Average":93029.58700882117
,"Total_Damage_Dealt_To_Champion":52400458
,"Total_Damage_Dealt_To_Champion_Average":21010.608660785885
,"Total_Damage_Taken":44790495
,"Total_Damage_Taken_Average":17959.30032076985
,"Total_Heal":2727484
,"Total_Heal_Average":1093.6182838813152
,"Total_Time_Crowd_Control_Dealt":1129633
,"Total_Time_Crowd_Control_Dealt_Average":452.9402566158781
,"Tower_Kills":1206
,"Tower_Kills_Average":0.483560545308741
,"True_Damage_Dealt_To_Champion":4193745
,"True_Damage_Dealt_To_Champion_Average":1681.5336808340016
,"True_Damage_Dealt":8112060
,"True_Damage_Dealt_Average":3252.6303127506017
,"True_Damage_Taken":1271147
,"True_Damage_Taken_Average":509.6820368885325
,"sight_Wards_Bought":1541
,"sight_Wards_Bought_Average":0.6178829190056134
,"Vision_Wards_Bought":1261
,"Vision_Wards_Bought_Average":0.5056134723336007
,"Total_Wards_Bought":1.1234963913392142
,"Wards_Placed":32878
,"Wards_Placed_Average":13.182838813151564
,"Wards_Killed":2142
,"WardsKilled_Average":0.8588612670408982
,"Win":1302
,"Win_Rate":0.5220529270248596
,"lose":1192
,"Lose_Rate":0.47794707297514033

}



"Items" : {

	"one" : {
		"name" : "sightstone",
		"percentages" : "38.05%",
		"win" : "53.31%",
	},
	"two" : {
		"name" : "Liandry’s Torment",
		"percentages" :"34.84%" ,
		"win" : "58.34%",
	},
	"three" : {
		"name" : "Rabadon’s Deathcap",
		"percentages" : "22.05%",
		"win" : "56.90%",
	},
	"four" : {
		"name" : "Zhonya’s Hourglass",
		"percentages" : "20.60%",
		"win" : "54.47%",
	},
	"five" : {
		"name" : "Rylai’s Crystal Scepter",
		"percentages" : "18.08%",
		"win" : "57.42%",
	},
	"six" : {
		"name" : "Luden’s Echo",
		"percentages" : "14.19%",
		"win" : "61.58%",
	},
	"seven" : {
		"name" : "Trickster’s Glass",
		"percentages" : "11.98%",
		"win" : "56.18%",
	},
	"eight" : {
		"name" : "Pox Arcana",
		"percentages" : "11.58%",
		"win" : "56.74%",
	},
	"nine" : {
		"name" : "Athene’s Unholy Grail",
		"percentages" : "11.06%",
		"win" : "49.27%",
	},
	"ten" : {
		"name" : "Void Staff",
		"percentages" : "9.14%",
		"win" : "55.70%",
	},

}
}
