{
    "champion": {
        "Ban_Rate_Per_Game": 0.02136,
        "Pick_Rate": 0.06163,
        "Assists_Rate": 6.290605224728217,
        "Death_Rate": 5.872140191465196,
        "Kills_Rate": 6.679376926821353,
        "KDA": 2.208731693838077,
        "Gold_Earned_Average": 11472.33830926497,
        "Gold_Spent_Average": 10428.248255719616,
        "First_Blood_Average": 0.1453837416842447,
        "First_Inhibitor_Assist_Average": 0.10433230569527828,
        "First_Inhibitor_Kill_Average": 0.11179620314781762,
        "First_Tower_Kill_Average": 0.15219860457569365,
        "First_Tower_Assist_Average": 0.025961382443615122,
        "Largest_Killing_Spree_Average": 3.2003894207366543,
        "Largest_Multi_Kill_Average": 1.4611390556547137,
        "Largest_Critical_Strike": 1823,
        "Magic_Damage_Dealt_To_Champion_Average": 5894.69041051436,
        "Minions_Killed_Average": 107.50786954405322,
        "Neutral_Minion_Killed_Average": 36.13029368813889,
        "Neutral_Minion_Killed_Enemy_Jungle_Average": 8.356319974038618,
        "Pentakills_Average": 0.0019471036832711343,
        "Physical_Damage_Dealt_To_Champion_Average": 10530.286224241441,
        "Total_Damage_Dealt_To_Champion_Average": 17100.63151062794,
        "Total_Damage_Taken_Average": 32819.255070582505,
        "Total_Heal_Average": 16493.782086646115,
        "Total_Time_Crowd_Control_Dealt_Average": 945.8510465682298,
        "Tower_Kills_Average": 1.2422521499269836,
        "True_Damage_Dealt_To_Champion_Average": 675.0991400292065,
        "Sight_Wards_Bought_Average": 0.20444588674346909,
        "Vision_Wards_Bought_Average": 0.18189193574557846,
        "Wards_Bought_Average": 0.3863378224890475,
        "Wards_Placed_Average": 5.567418465033263,
        "Wards_Killed_Average": 0.4699010222294337,
        "Win_Rate": 0.5257179944832062
    },
    "Items": {
        "one": {
            "name": "Blade of the Ruined King",
            "percentages": "66.93%",
            "win": "57.28%"
        },
        "two": {
            "name": "Ravenous Hydra",
            "percentages": "35.68%",
            "win": "61.20"
        },
        "three": {
            "name": "Spirit Visage",
            "percentages": "23.51%",
            "win": "61.20%"
        },
        "four": {
            "name": "Flesheater",
            "percentages": "20.39%",
            "win": "57.83%"
        },
        "five": {
            "name": "Typhoon Claws",
            "percentages": "18.80%",
            "win": "58.15%"
        },
        "six": {
            "name": "Randuin’s Omen",
            "percentages": "17.26%",
            "win": "53.94%"
        },
        "seven": {
            "name": "The Bloodthirster",
            "percentages": "8.69%",
            "win": "61.75%"
        },
        "eight": {
            "name": "Ruby Sightstone",
            "percentages": "5.84%",
            "win": "42.50%"
        },
        "nine": {
            "name": "Dead Man’s Plate",
            "percentages": "5.63%",
            "win": "59.07%"
        },
        "ten": {
            "name": "Last Whisper",
            "percentages": "5.50%",
            "win": "64.30%"
        }
    }
}