{
    "champion": {
        "Ban_Rate_Per_Game": 0.04303,
        "Pick_Rate": 0.04738,
        "Assists_Rate": 6.92929506120726,
        "Death_Rate": 7.583157450401013,
        "Kills_Rate": 6.223512030392571,
        "KDA": 1.734476328314175,
        "Gold_Earned_Average": 10914.282608695652,
        "Gold_Spent_Average": 10140.92190797805,
        "First_Blood_Average": 0.0975094976783453,
        "First_Inhibitor_Assist_Average": 0.13782186576614605,
        "First_Inhibitor_Kill_Average": 0.06310679611650485,
        "First_Tower_Kill_Average": 0.10278598564795273,
        "First_Tower_Assist_Average": 0.017306880540312368,
        "Largest_Killing_Spree_Average": 2.4810046433094133,
        "Largest_Multi_Kill_Average": 1.426762346981849,
        "Largest_Critical_Strike": 914,
        "Magic_Damage_Dealt_To_Champion_Average": 18204.597720557198,
        "Minions_Killed_Average": 140.81933305192064,
        "Neutral_Minion_Killed_Average": 7.512874630645842,
        "Neutral_Minion_Killed_Enemy_Jungle_Average": 1.8197551709582103,
        "Pentakills_Average": 0.002321654706627269,
        "Physical_Damage_Dealt_To_Champion_Average": 1931.9058674546222,
        "Total_Damage_Dealt_To_Champion_Average": 20462.430983537357,
        "Total_Damage_Taken_Average": 20213.868720979317,
        "Total_Heal_Average": 1272.1931194596875,
        "Total_Time_Crowd_Control_Dealt_Average": 336.6709582102153,
        "Tower_Kills_Average": 0.9685521317011397,
        "True_Damage_Dealt_To_Champion_Average": 325.38265090755596,
        "Sight_Wards_Bought_Average": 0.39489235964542,
        "Vision_Wards_Bought_Average": 0.23554242296327565,
        "Wards_Bought_Average": 0.6304347826086957,
        "Wards_Placed_Average": 6.235331363444491,
        "Wards_Killed_Average": 0.39193752638243984,
        "Win_Rate": 0.4590544533558463
    },
    "Items": {
        "one": {
            "name": "Rabadon’s Deathcap",
            "percentages": "38.47%",
            "win": "54.14%"
        },
        "two": {
            "name": "Zhonya’s Hourglass",
            "percentages": "27.01%",
            "win": "53.28%"
        },
        "three": {
            "name": "Athene’s Unholy Grail",
            "percentages": "25.60%",
            "win": "45.67%"
        },
        "four": {
            "name": "Nashor’s Tooth",
            "percentages": "24.27%",
            "win": "52.17%"
        },
        "five": {
            "name": "Pox Arcana",
            "percentages": "17.58%",
            "win": "50.42%"
        },
        "six": {
            "name": "Luden’s Echo",
            "percentages": "16.65%",
            "win": "52.59%"
        },
        "seven": {
            "name": "Netherstride Grimoire",
            "percentages": "13.57%",
            "win": "51.01%"
        },
        "eight": {
            "name": "Rylai’s Crystal Scepter",
            "percentages": "12.98%",
            "win": "55.60%"
        },
        "nine": {
            "name": "Void Staff",
            "percentages": "12.32%",
            "win": "58.56%"
        },
        "ten": {
            "name": "Rite of Ruin",
            "percentages": "12.13%",
            "win": "50.26%"
        }
    }
}