{
    "champion": {
        "Ban_Rate_Per_Game": 0.00871,
        "Pick_Rate": 0.02456,
        "Assists_Rate": 6.730863192182411,
        "Death_Rate": 7.279315960912052,
        "Kills_Rate": 7.338355048859935,
        "KDA": 1.9327665286944848,
        "Gold_Earned_Average": 10847.529723127036,
        "Gold_Spent_Average": 10052.482491856677,
        "First_Blood_Average": 0.14413680781758959,
        "First_Inhibitor_Assist_Average": 0.13070032573289903,
        "First_Inhibitor_Kill_Average": 0.04519543973941368,
        "First_Tower_Kill_Average": 0.037866449511400654,
        "First_Tower_Assist_Average": 0.018322475570032574,
        "Largest_Killing_Spree_Average": 2.907166123778502,
        "Largest_Multi_Kill_Average": 1.504885993485342,
        "Largest_Critical_Strike": 588,
        "Magic_Damage_Dealt_To_Champion_Average": 18072.535830618894,
        "Minions_Killed_Average": 120.98819218241043,
        "Neutral_Minion_Killed_Average": 7.550081433224756,
        "Neutral_Minion_Killed_Enemy_Jungle_Average": 2.1140065146579805,
        "Pentakills_Average": 0.00040716612377850165,
        "Physical_Damage_Dealt_To_Champion_Average": 1132.0008143322475,
        "Total_Damage_Dealt_To_Champion_Average": 19701.74755700326,
        "Total_Damage_Taken_Average": 20847.12092833876,
        "Total_Heal_Average": 3638.0411237785015,
        "Total_Time_Crowd_Control_Dealt_Average": 3331.597312703583,
        "Tower_Kills_Average": 0.5447882736156352,
        "True_Damage_Dealt_To_Champion_Average": 496.66938110749186,
        "Sight_Wards_Bought_Average": 0.38558631921824105,
        "Vision_Wards_Bought_Average": 0.24592833876221498,
        "Wards_Bought_Average": 0.631514657980456,
        "Wards_Placed_Average": 6.420195439739413,
        "Wards_Killed_Average": 0.3245114006514658,
        "Win_Rate": 0.46864820846905536
    },
    "Items": {
        "one": {
            "name": "seraph’s Embrace",
            "percentages": "47.51%",
            "win": "53.04%"
        },
        "two": {
            "name": "Luden’s Echo",
            "percentages": "39.65%",
            "win": "51.33%"
        },
        "three": {
            "name": "Rabadon’s Deathcap",
            "percentages": "23.28%",
            "win": "58.71%"
        },
        "four": {
            "name": "Zhonya’s Hourglass",
            "percentages": "18,68%",
            "win": "54.68%"
        },
        "five": {
            "name": "Rylai’s Crystal Scepter",
            "percentages": "17.91%",
            "win": "57.27%"
        },
        "six": {
            "name": "Rod of Ages",
            "percentages": "14.16%",
            "win": "55.74%"
        },
        "seven": {
            "name": "Netherstride Grimoire",
            "percentages": "10.34%",
            "win": "57.08%"
        },
        "eight": {
            "name": "Archangel’s Staff",
            "percentages": "10.09%",
            "win": "47.98%"
        },
        "nine": {
            "name": "Pox Arcana",
            "percentages": "10.09%",
            "win": "56.45%"
        },
        "ten": {
            "name": "Void Staff",
            "percentages": "7.89%",
            "win": "59.79%"
        }
    }
}