{
    "champion": {
        "Ban_Rate_Per_Game": 0.1286,
        "Pick_Rate": 0.16911,
        "Assists_Rate": 5.406185323162439,
        "Death_Rate": 7.190408609780616,
        "Kills_Rate": 8.219620365442612,
        "KDA": 1.8949974094755626,
        "Gold_Earned_Average": 11074.590148424102,
        "Gold_Spent_Average": 10294.386789663533,
        "First_Blood_Average": 0.1677606291762758,
        "First_Inhibitor_Assist_Average": 0.11944887942759151,
        "First_Inhibitor_Kill_Average": 0.06983620128910177,
        "First_Tower_Kill_Average": 0.13346342617231388,
        "First_Tower_Assist_Average": 0.023889775885518303,
        "Largest_Killing_Spree_Average": 3.3001596593932945,
        "Largest_Multi_Kill_Average": 1.541186210159068,
        "Largest_Critical_Strike": 2465,
        "Magic_Damage_Dealt_To_Champion_Average": 3031.5037549523977,
        "Minions_Killed_Average": 127.05008574300751,
        "Neutral_Minion_Killed_Average": 8.148956300632724,
        "Neutral_Minion_Killed_Enemy_Jungle_Average": 3.085329075749512,
        "Pentakills_Average": 0.001951392584708178,
        "Physical_Damage_Dealt_To_Champion_Average": 11516.423570457098,
        "Total_Damage_Dealt_To_Champion_Average": 18454.909230678255,
        "Total_Damage_Taken_Average": 29184.474247531194,
        "Total_Heal_Average": 2214.3488262077935,
        "Total_Time_Crowd_Control_Dealt_Average": 486.62373602980307,
        "Tower_Kills_Average": 1.051445804505943,
        "True_Damage_Dealt_To_Champion_Average": 3905.999172136479,
        "Sight_Wards_Bought_Average": 0.20087517000768731,
        "Vision_Wards_Bought_Average": 0.1372479451244752,
        "Wards_Bought_Average": 0.3381231151321625,
        "Wards_Placed_Average": 5.64774407190586,
        "Wards_Killed_Average": 0.24019868724498847,
        "Win_Rate": 0.4974868428833304
    },
    "Items": {
        "one": {
            "name": "Ravenous Hydra",
            "percentages": "58.10%",
            "win": "54.43%"
        },
        "two": {
            "name": "Sunfire Cape",
            "percentages": "40.60%",
            "win": "53.07%"
        },
        "three": {
            "name": "Randuin’s Omen",
            "percentages": "20.59%",
            "win": "53.38%"
        },
        "four": {
            "name": "Flesheater",
            "percentages": "16.39%",
            "win": "51.15%"
        },
        "five": {
            "name": "Dead Man’s Plate",
            "percentages": "13.58%",
            "win": "55.89%"
        },
        "six": {
            "name": "Trinity Force",
            "percentages": "12.70%",
            "win": "61.42%"
        },
        "seven": {
            "name": "The Black Cleaver",
            "percentages": "11.18%",
            "win": "55.70%"
        },
        "eight": {
            "name": "Ruby Sightstone",
            "percentages": "9.10%",
            "win": "43.31%"
        },
        "nine": {
            "name": "Thornmail",
            "percentages": "8.81%",
            "win": "49.32%"
        },
        "ten": {
            "name": "Banshee’s Veil",
            "percentages": "8.56%",
            "win": "52.44%"
        }
    }
}