{
    "champion": {
        "Ban_Rate_Per_Game": 0.1491,
        "Pick_Rate": 0.17802,
        "Assists_Rate": 6.492585102797438,
        "Death_Rate": 6.976350971800922,
        "Kills_Rate": 8.801932367149758,
        "KDA": 2.192337732400377,
        "Gold_Earned_Average": 11573.394393888328,
        "Gold_Spent_Average": 10672.533423210874,
        "First_Blood_Average": 0.07780024716324009,
        "First_Inhibitor_Assist_Average": 0.11987417144141108,
        "First_Inhibitor_Kill_Average": 0.06252106504887091,
        "First_Tower_Kill_Average": 0.07628356364453433,
        "First_Tower_Assist_Average": 0.022019997753061453,
        "Largest_Killing_Spree_Average": 3.6995843163689472,
        "Largest_Multi_Kill_Average": 1.557409279856196,
        "Largest_Critical_Strike": 950,
        "Magic_Damage_Dealt_To_Champion_Average": 17310.11521177396,
        "Minions_Killed_Average": 92.01084147848556,
        "Neutral_Minion_Killed_Average": 32.32648017076733,
        "Neutral_Minion_Killed_Enemy_Jungle_Average": 6.60993146837434,
        "Pentakills_Average": 0.0019098977642961466,
        "Physical_Damage_Dealt_To_Champion_Average": 1984.1616672284013,
        "Total_Damage_Dealt_To_Champion_Average": 19934.96972250309,
        "Total_Damage_Taken_Average": 22123.80945961128,
        "Total_Heal_Average": 1379.6067857544097,
        "Total_Time_Crowd_Control_Dealt_Average": 438.4628693405235,
        "Tower_Kills_Average": 0.8017638467587912,
        "True_Damage_Dealt_To_Champion_Average": 640.1384675879115,
        "Sight_Wards_Bought_Average": 0.30142680597685656,
        "Vision_Wards_Bought_Average": 0.19986518368722617,
        "Wards_Bought_Average": 0.5012919896640827,
        "Wards_Placed_Average": 5.935569037186833,
        "Wards_Killed_Average": 0.48533872598584427,
        "Win_Rate": 0.5175261206605999
    },
    "Items": {
        "one": {
            "name": "Zhonya’s Hourglass",
            "percentages": "37.02%",
            "win": "56.78%"
        },
        "two": {
            "name": "Rabadon’s Deathcap",
            "percentages": "33.33%",
            "win": "59.06%"
        },
        "three": {
            "name": "Lich Bane",
            "percentages": "30.02%",
            "win": "55.00%"
        },
        "four": {
            "name": "Nashor’s Tooth",
            "percentages": "26.11%",
            "win": "57.23%"
        },
        "five": {
            "name": "Luden’s Echo",
            "percentages": "22.27%",
            "win": "59.19%"
        },
        "six": {
            "name": "Abyssal Scepter",
            "percentages": "18.90%",
            "win": "55.30%"
        },
        "seven": {
            "name": "Trickster’s Glass",
            "percentages": "15.81%",
            "win": "59.28%"
        },
        "eight": {
            "name": "Void Staff",
            "percentages": "10.69%",
            "win": "58.56%"
        },
        "nine": {
            "name": "Netherstride Grimoire",
            "percentages": "8.22%",
            "win": "55.25%"
        },
        "ten": {
            "name": "Pox Arcana",
            "percentages": "7.45%",
            "win": "55.91%"
        }
    }
}