{
    "champion": {
        "Ban_Rate_Per_Game": 0.00798,
        "Pick_Rate": 0.03944,
        "Assists_Rate": 8.193458417849898,
        "Death_Rate": 7.056541582150102,
        "Kills_Rate": 4.983265720081136,
        "KDA": 1.8673062412417807,
        "Gold_Earned_Average": 10096.218813387424,
        "Gold_Spent_Average": 9232.015720081135,
        "First_Blood_Average": 0.051470588235294115,
        "First_Inhibitor_Assist_Average": 0.13640973630831643,
        "First_Inhibitor_Kill_Average": 0.029411764705882353,
        "First_Tower_Kill_Average": 0.024594320486815417,
        "First_Tower_Assist_Average": 0.05096348884381339,
        "Largest_Killing_Spree_Average": 2.099898580121704,
        "Largest_Multi_Kill_Average": 1.3405172413793103,
        "Largest_Critical_Strike": 738,
        "Magic_Damage_Dealt_To_Champion_Average": 13937.844574036511,
        "Minions_Killed_Average": 50.579361054766736,
        "Neutral_Minion_Killed_Average": 34.84153144016227,
        "Neutral_Minion_Killed_Enemy_Jungle_Average": 5.366886409736308,
        "Pentakills_Average": 0.0005070993914807302,
        "Physical_Damage_Dealt_To_Champion_Average": 568.6681034482758,
        "Total_Damage_Dealt_To_Champion_Average": 14907.866632860041,
        "Total_Damage_Taken_Average": 27548.42089249493,
        "Total_Heal_Average": 11202.41125760649,
        "Total_Time_Crowd_Control_Dealt_Average": 539.3717038539554,
        "Tower_Kills_Average": 0.35344827586206895,
        "True_Damage_Dealt_To_Champion_Average": 400.82378296146044,
        "Sight_Wards_Bought_Average": 0.5116632860040567,
        "Vision_Wards_Bought_Average": 0.32809330628803246,
        "Wards_Bought_Average": 0.8397565922920892,
        "Wards_Placed_Average": 7.322515212981744,
        "Wards_Killed_Average": 0.6937119675456389,
        "Win_Rate": 0.47033468559837727
    },
    "Items": {
        "one": {
            "name": "Zhonya’s Hourglass",
            "percentages": "65.82%",
            "win": "51.11%"
        },
        "two": {
            "name": "Rabadon’s Deathcap",
            "percentages": "22.51%",
            "win": "55.40%"
        },
        "three": {
            "name": "Liandry’s Torment",
            "percentages": "15.66%",
            "win": "55.33%"
        },
        "four": {
            "name": "Rylai’s Crystal Scepter",
            "percentages": "11.18%",
            "win": "54.87%"
        },
        "five": {
            "name": "Trickster’s Glass",
            "percentages": "10.82%",
            "win": "57.14%"
        },
        "six": {
            "name": "Pox Arcana",
            "percentages": "8.72%",
            "win": "56.68%"
        },
        "seven": {
            "name": "Void Staff",
            "percentages": "8.01%",
            "win": "58.86%"
        },
        "eight": {
            "name": "Netherstride Grimoire",
            "percentages": "7.27%",
            "win": "56.09%"
        },
        "nine": {
            "name": "Luden’s Echo",
            "percentages": "6.99%",
            "win": "58.69%"
        },
        "ten": {
            "name": "Abyssal Scepter",
            "percentages": "6.69%",
            "win": "57.95%"
        }
    }
}