{
    "champion": {
        "Ban_Rate_Per_Game": 0.14035,
        "Pick_Rate": 0.08765,
        "Assists_Rate": 5.037421563034798,
        "Death_Rate": 7.490245293782088,
        "Kills_Rate": 8.884084426697092,
        "KDA": 1.8586181685249497,
        "Gold_Earned_Average": 11563.498003422705,
        "Gold_Spent_Average": 10628.704050199658,
        "First_Blood_Average": 0.16451796919566458,
        "First_Inhibitor_Assist_Average": 0.09503707929264119,
        "First_Inhibitor_Kill_Average": 0.12686822589845978,
        "First_Tower_Kill_Average": 0.15390758699372503,
        "First_Tower_Assist_Average": 0.018482601254991442,
        "Largest_Killing_Spree_Average": 3.602053622361666,
        "Largest_Multi_Kill_Average": 1.6938961779806048,
        "Largest_Critical_Strike": 3667,
        "Magic_Damage_Dealt_To_Champion_Average": 1205.8295493439819,
        "Minions_Killed_Average": 128.13051911009697,
        "Neutral_Minion_Killed_Average": 14.908956075299487,
        "Neutral_Minion_Killed_Enemy_Jungle_Average": 5.091842555618939,
        "Pentakills_Average": 0.0041072447233314316,
        "Physical_Damage_Dealt_To_Champion_Average": 18172.72127780947,
        "Total_Damage_Dealt_To_Champion_Average": 20374.955618938962,
        "Total_Damage_Taken_Average": 29263.078836280663,
        "Total_Heal_Average": 3257.706902452938,
        "Total_Time_Crowd_Control_Dealt_Average": 331.33314318311466,
        "Tower_Kills_Average": 1.5527666856816886,
        "True_Damage_Dealt_To_Champion_Average": 995.8066172276098,
        "Sight_Wards_Bought_Average": 0.15790074158585282,
        "Vision_Wards_Bought_Average": 0.10553337136337707,
        "Wards_Bought_Average": 0.2634341129492299,
        "Wards_Placed_Average": 5.6152880775812894,
        "Wards_Killed_Average": 0.2819167142042213,
        "Win_Rate": 0.5226468910439247
    },
    "Items": {
        "one": {
            "name": "Ravenous Hydra",
            "percentages": "82.92%",
            "win": "55.42%"
        },
        "two": {
            "name": "The Bloodthirster",
            "percentages": "27.88%",
            "win": "61.41%"
        },
        "three": {
            "name": "Last Whisper",
            "percentages": "27.75%",
            "win": "58.40%"
        },
        "four": {
            "name": "Infinity Edge",
            "percentages": "22.38%",
            "win": "61.00%"
        },
        "five": {
            "name": "Flesheater",
            "percentages": "21.51%",
            "win": "54.71%"
        },
        "six": {
            "name": "Youmuu’s Ghostblade",
            "percentages": "16.06%",
            "win": "57.74%"
        },
        "seven": {
            "name": "Typhoon Claws",
            "percentages": "8.75%",
            "win": "58.01%"
        },
        "eight": {
            "name": "Mirage Blade",
            "percentages": "7.95%",
            "win": "57.38%"
        },
        "nine": {
            "name": "Blade of the Ruined King",
            "percentages": "6.76%",
            "win": "56.99%"
        },
        "ten": {
            "name": "The Black Cleaver",
            "percentages": "4.26%",
            "win": "61.22%"
        }
    }
}