{
    "champion": {
        "Ban_Rate_Per_Game": 0.03069,
        "Pick_Rate": 0.10434,
        "Assists_Rate": 5.84186313973548,
        "Death_Rate": 5.44259152769791,
        "Kills_Rate": 7.018018018018018,
        "KDA": 2.362823131647531,
        "Gold_Earned_Average": 10562.693885374736,
        "Gold_Spent_Average": 9665.404447000192,
        "First_Blood_Average": 0.10580793559516964,
        "First_Inhibitor_Assist_Average": 0.14050220433199156,
        "First_Inhibitor_Kill_Average": 0.05807935595169638,
        "First_Tower_Kill_Average": 0.11433774199731647,
        "First_Tower_Assist_Average": 0.025397738163695612,
        "Largest_Killing_Spree_Average": 3.4293655357485147,
        "Largest_Multi_Kill_Average": 1.3242284838029519,
        "Largest_Critical_Strike": 2056,
        "Magic_Damage_Dealt_To_Champion_Average": 4952.145006708836,
        "Minions_Killed_Average": 120.42026068621813,
        "Neutral_Minion_Killed_Average": 5.74429748897834,
        "Neutral_Minion_Killed_Enemy_Jungle_Average": 2.3249952079739313,
        "Pentakills_Average": 0.00038336208548974505,
        "Physical_Damage_Dealt_To_Champion_Average": 11184.866685834771,
        "Total_Damage_Dealt_To_Champion_Average": 16624.401763465594,
        "Total_Damage_Taken_Average": 34061.117692160245,
        "Total_Heal_Average": 1785.9152769791067,
        "Total_Time_Crowd_Control_Dealt_Average": 589.9824611845888,
        "Tower_Kills_Average": 1.0499329116350393,
        "True_Damage_Dealt_To_Champion_Average": 486.8640981406939,
        "Sight_Wards_Bought_Average": 0.20941153919877323,
        "Vision_Wards_Bought_Average": 0.12411347517730496,
        "Wards_Bought_Average": 0.33352501437607823,
        "Wards_Placed_Average": 5.649702894383745,
        "Wards_Killed_Average": 0.24669350201265094,
        "Win_Rate": 0.5072838796243051
    },
    "Items": {
        "one": {
            "name": "Sunfire Cape",
            "percentages": "56.31%",
            "win": "54.33%"
        },
        "two": {
            "name": "The Black Cleaver",
            "percentages": "38.68%",
            "win": "56.26%"
        },
        "three": {
            "name": "Spirit Visage",
            "percentages": "34.62%",
            "win": "54.19%"
        },
        "four": {
            "name": "Warmog’s Armor",
            "percentages": "23.81%",
            "win": "55.05%"
        },
        "five": {
            "name": "Dead Man’s Plate",
            "percentages": "18.31%",
            "win": "58.50%"
        },
        "six": {
            "name": "Randuin’s Omen",
            "percentages": "16.59%",
            "win": "51.84%"
        },
        "seven": {
            "name": "Thornmail",
            "percentages": "15.90%",
            "win": "53.19%"
        },
        "eight": {
            "name": "Ruby Sightstone",
            "percentages": "10.63%",
            "win": "41.89%"
        },
        "nine": {
            "name": "Infinity Edge",
            "percentages": "8.81%",
            "win": "57.82%"
        },
        "ten": {
            "name": "Martyr’s Gambit",
            "percentages": "6.74%",
            "win": "53.69%"
        }
    }
}