{
    "champion": {
        "Ban_Rate_Per_Game": 0.02387,
        "Pick_Rate": 0.08414,
        "Assists_Rate": 7.027691942001426,
        "Death_Rate": 6.598169717138103,
        "Kills_Rate": 6.148561920608509,
        "KDA": 1.9969558873858457,
        "Gold_Earned_Average": 10714.677442357975,
        "Gold_Spent_Average": 9939.827192773948,
        "First_Blood_Average": 0.0893748514380794,
        "First_Inhibitor_Assist_Average": 0.13358687901117186,
        "First_Inhibitor_Kill_Average": 0.05966246731637746,
        "First_Tower_Kill_Average": 0.12752555265034465,
        "First_Tower_Assist_Average": 0.02376990729736154,
        "Largest_Killing_Spree_Average": 2.720584739719515,
        "Largest_Multi_Kill_Average": 1.3390777275968624,
        "Largest_Critical_Strike": 1823,
        "Magic_Damage_Dealt_To_Champion_Average": 3140.6392916567625,
        "Minions_Killed_Average": 129.44568576182553,
        "Neutral_Minion_Killed_Average": 7.8779415260280485,
        "Neutral_Minion_Killed_Enemy_Jungle_Average": 2.7489897789398623,
        "Pentakills_Average": 0.0001188495364868077,
        "Physical_Damage_Dealt_To_Champion_Average": 14910.032564772997,
        "Total_Damage_Dealt_To_Champion_Average": 18383.806394105064,
        "Total_Damage_Taken_Average": 27478.796410744,
        "Total_Heal_Average": 1765.4077727596862,
        "Total_Time_Crowd_Control_Dealt_Average": 899.3207748989779,
        "Tower_Kills_Average": 0.938792488709294,
        "True_Damage_Dealt_To_Champion_Average": 332.60946042310434,
        "Sight_Wards_Bought_Average": 0.29581649631566437,
        "Vision_Wards_Bought_Average": 0.19824102685999526,
        "Wards_Bought_Average": 0.4940575231756596,
        "Wards_Placed_Average": 5.911219396244355,
        "Wards_Killed_Average": 0.3072260518183979,
        "Win_Rate": 0.47908248157832184
    },
    "Items": {
        "one": {
            "name": "Blade of the Ruined King",
            "percentages": "38.98%",
            "win": "53.59%"
        },
        "two": {
            "name": "Sunfire Cape",
            "percentages": "35.76%",
            "win": "51.74%"
        },
        "three": {
            "name": "Randuin’s Omen",
            "percentages": "25.96%",
            "win": "54.55%"
        },
        "four": {
            "name": "Spirit Visage",
            "percentages": "22.23%",
            "win": "51.57%"
        },
        "five": {
            "name": "The Black Cleaver",
            "percentages": "16.99%",
            "win": "55.45%"
        },
        "six": {
            "name": "Trinity Force",
            "percentages": "16.49%",
            "win": "57.06%"
        },
        "seven": {
            "name": "Dead Man’s Plate",
            "percentages": "13.06%",
            "win": "53.59%"
        },
        "eight": {
            "name": "Typhoon Claws",
            "percentages": "10.69%",
            "win": "53.44%"
        },
        "nine": {
            "name": "Ruby Sightstone",
            "percentages": "10.61%",
            "win": "42.21%"
        },
        "ten": {
            "name": "Youmuu’s Ghostblade",
            "percentages": "10.20%",
            "win": "55.29%"
        }
    }
}