{
    "champion": {
        "Ban_Rate_Per_Game": 0.0133,
        "Pick_Rate": 0.17305,
        "Assists_Rate": 6.797341808725802,
        "Death_Rate": 6.206703264952326,
        "Kills_Rate": 7.4131175960705,
        "KDA": 2.289534201681455,
        "Gold_Earned_Average": 11514.144466917076,
        "Gold_Spent_Average": 10620.673562554175,
        "First_Blood_Average": 0.1097370702109217,
        "First_Inhibitor_Assist_Average": 0.11701820283155158,
        "First_Inhibitor_Kill_Average": 0.09656168737359144,
        "First_Tower_Kill_Average": 0.11771164403351632,
        "First_Tower_Assist_Average": 0.053799479919098524,
        "Largest_Killing_Spree_Average": 3.345564865645767,
        "Largest_Multi_Kill_Average": 1.5230280265819127,
        "Largest_Critical_Strike": 2215,
        "Magic_Damage_Dealt_To_Champion_Average": 1316.6644322450159,
        "Minions_Killed_Average": 148.6495810459405,
        "Neutral_Minion_Killed_Average": 8.86581912741982,
        "Neutral_Minion_Killed_Enemy_Jungle_Average": 3.0748338630453627,
        "Pentakills_Average": 0.001791389771742271,
        "Physical_Damage_Dealt_To_Champion_Average": 16444.252239237216,
        "Total_Damage_Dealt_To_Champion_Average": 17990.060560531638,
        "Total_Damage_Taken_Average": 20630.567466050274,
        "Total_Heal_Average": 1973.00947702976,
        "Total_Time_Crowd_Control_Dealt_Average": 239.7821438890494,
        "Tower_Kills_Average": 1.2054897428488875,
        "True_Damage_Dealt_To_Champion_Average": 228.63126264085525,
        "Sight_Wards_Bought_Average": 0.11522681305980931,
        "Vision_Wards_Bought_Average": 0.1290378503322739,
        "Wards_Bought_Average": 0.24426466339208322,
        "Wards_Placed_Average": 5.483097370702109,
        "Wards_Killed_Average": 0.3902918231724935,
        "Win_Rate": 0.5033227390927477
    },
    "Items": {
        "one": {
            "name": "Infinity Edge",
            "percentages": "76.02%",
            "win": "55.06%"
        },
        "two": {
            "name": "Statikk Shiv",
            "percentages": "41.55%",
            "win": "54.51%"
        },
        "three": {
            "name": "The Bloodthirster",
            "percentages": "32.55%",
            "win": "58.86%"
        },
        "four": {
            "name": "Last Whisper",
            "percentages": "22.25%",
            "win": "56.68%"
        },
        "five": {
            "name": "Mirage Blade",
            "percentages": "17.47%",
            "win": "55.55%"
        },
        "six": {
            "name": "Phantom Dancer",
            "percentages": "15.48%",
            "win": "59.87%"
        },
        "seven": {
            "name": "Youmuu’s Ghostblade",
            "percentages": "12.12%",
            "win": "55.24%"
        },
        "eight": {
            "name": "Typhoon Claws",
            "percentages": "9.33%",
            "win": "54.61%"
        },
        "nine": {
            "name": "Blade of the Ruined King",
            "percentages": "4.05%",
            "win": "56.20%"
        },
        "ten": {
            "name": "Flesheater",
            "percentages": "3.69%",
            "win": "50.39%"
        }
    }
}