{
    "champion": {
        "Ban_Rate_Per_Game": 0.03588,
        "Pick_Rate": 0.04559,
        "Assists_Rate": 8.006141697740732,
        "Death_Rate": 6.207282298749726,
        "Kills_Rate": 6.7087080500109675,
        "KDA": 2.370578465670165,
        "Gold_Earned_Average": 11236.858302259267,
        "Gold_Spent_Average": 10451.61044088616,
        "First_Blood_Average": 0.0791840315858741,
        "First_Inhibitor_Assist_Average": 0.11756964246545296,
        "First_Inhibitor_Kill_Average": 0.059004167580609786,
        "First_Tower_Kill_Average": 0.04386926957666155,
        "First_Tower_Assist_Average": 0.030050449660013162,
        "Largest_Killing_Spree_Average": 3.05834612853696,
        "Largest_Multi_Kill_Average": 1.3744242158368063,
        "Largest_Critical_Strike": 2113,
        "Magic_Damage_Dealt_To_Champion_Average": 3694.7850405790746,
        "Minions_Killed_Average": 75.93638955911383,
        "Neutral_Minion_Killed_Average": 41.70805001096732,
        "Neutral_Minion_Killed_Enemy_Jungle_Average": 7.6157051985084445,
        "Pentakills_Average": 0.0004386926957666155,
        "Physical_Damage_Dealt_To_Champion_Average": 10997.809607370038,
        "Total_Damage_Dealt_To_Champion_Average": 15558.68282518096,
        "Total_Damage_Taken_Average": 34413.74928712437,
        "Total_Heal_Average": 7032.502741829348,
        "Total_Time_Crowd_Control_Dealt_Average": 638.4781750383856,
        "Tower_Kills_Average": 0.6696644000877385,
        "True_Damage_Dealt_To_Champion_Average": 865.5123930686555,
        "Sight_Wards_Bought_Average": 0.33559991226146085,
        "Vision_Wards_Bought_Average": 0.2684799298091687,
        "Wards_Bought_Average": 0.6040798420706295,
        "Wards_Placed_Average": 6.025663522702347,
        "Wards_Killed_Average": 0.5652555384952841,
        "Win_Rate": 0.49396797543320903
    },
    "Items": {
        "one": {
            "name": "Trinity Force",
            "percentages": "57.05%",
            "win": "56.24%"
        },
        "two": {
            "name": "Spirit Visage",
            "percentages": "24.67%",
            "win": "54.84%"
        },
        "three": {
            "name": "Randuin’s Omen",
            "percentages": "19.43%",
            "win": "53.72%"
        },
        "four": {
            "name": "Dead Man’s Plate",
            "percentages": "17.92%",
            "win": "57.03%"
        },
        "five": {
            "name": "The Black Cleaver",
            "percentages": "11.80%",
            "win": "59.29%"
        },
        "six": {
            "name": "Sunfire Cape",
            "percentages": "10.46%",
            "win": "51.36%"
        },
        "seven": {
            "name": "Ruby Sightstone",
            "percentages": "10.41%",
            "win": "44.00%"
        },
        "eight": {
            "name": "Youmuu’s Ghostblade",
            "percentages": "10.26%",
            "win": "61.53%"
        },
        "nine": {
            "name": "Frozen Heart",
            "percentages": "8.77%",
            "win": "61.75%"
        },
        "ten": {
            "name": "Thornmail",
            "percentages": "7.56%",
            "win": "52.75%"
        }
    }
}