{
    "champion": {
        "Ban_Rate_Per_Game": 0.00509,
        "Pick_Rate": 0.05917,
        "Assists_Rate": 14.256379922257901,
        "Death_Rate": 4.749535237451411,
        "Kills_Rate": 1.3513604867331417,
        "KDA": 3.286161619755898,
        "Gold_Earned_Average": 9071.005746155146,
        "Gold_Spent_Average": 8178.3765421666385,
        "First_Blood_Average": 0.02889978029406794,
        "First_Inhibitor_Assist_Average": 0.22494507351698495,
        "First_Inhibitor_Kill_Average": 0.027040730099712692,
        "First_Tower_Kill_Average": 0.026195707284096672,
        "First_Tower_Assist_Average": 0.11441608923440932,
        "Largest_Killing_Spree_Average": 0.48098698664863954,
        "Largest_Multi_Kill_Average": 0.6797363528815278,
        "Largest_Critical_Strike": 1089,
        "Magic_Damage_Dealt_To_Champion_Average": 4039.308940341389,
        "Minions_Killed_Average": 18.290518844008787,
        "Neutral_Minion_Killed_Average": 0.4968734155822207,
        "Neutral_Minion_Killed_Enemy_Jungle_Average": 0.22595910089572419,
        "Pentakills_Average": 0.0001690045631232043,
        "Physical_Damage_Dealt_To_Champion_Average": 1414.266013182356,
        "Total_Damage_Dealt_To_Champion_Average": 5541.77488592192,
        "Total_Damage_Taken_Average": 16915.79820855163,
        "Total_Heal_Average": 5613.731451749197,
        "Total_Time_Crowd_Control_Dealt_Average": 375.3408822038195,
        "Tower_Kills_Average": 0.29372993070812914,
        "True_Damage_Dealt_To_Champion_Average": 87.69612979550448,
        "Sight_Wards_Bought_Average": 0.735338854149062,
        "Vision_Wards_Bought_Average": 0.8693594727057631,
        "Wards_Bought_Average": 1.6046983268548252,
        "Wards_Placed_Average": 17.89707622105797,
        "Wards_Killed_Average": 1.374683116444144,
        "Win_Rate": 0.5284772688862599
    },
    "Items": {
        "one": {
            "name": "Sightstone",
            "percentages": "64.00%",
            "win": "52.44%"
        },
        "two": {
            "name": "Talisman of Ascension",
            "percentages": "52.29%",
            "win": "54.49%"
        },
        "three": {
            "name": "Globe of Trust",
            "percentages": "17.76%",
            "win": "57.18%"
        },
        "four": {
            "name": "Locket of the Iron Solari",
            "percentages": "14.72%",
            "win": "58.55%"
        },
        "five": {
            "name": "Frozen Heart",
            "percentages": "12.81%",
            "win": "56.59%"
        },
        "six": {
            "name": "Mikael’s Crucible",
            "percentages": "12.37%",
            "win": "58.87%"
        },
        "seven": {
            "name": "Mejai’s Soulstealer",
            "percentages": "11.23%",
            "win": "69.62%"
        },
        "eight": {
            "name": "Twin Shadows",
            "percentages": "8.14%",
            "win": "61.41%"
        },
        "nine": {
            "name": "Puppeteer",
            "percentages": "7.74%",
            "win": "62.66%"
        },
        "ten": {
            "name": "Ruby Sightstone",
            "percentages": "7.57%",
            "win": "50.00%"
        }
    }
}