{
    "champion": {
        "Ban_Rate_Per_Game": 0.00646,
        "Pick_Rate": 0.0196,
        "Assists_Rate": 8.690816326530612,
        "Death_Rate": 7.987755102040817,
        "Kills_Rate": 8.121428571428572,
        "KDA": 2.104752171691364,
        "Gold_Earned_Average": 11845.836734693878,
        "Gold_Spent_Average": 11047.789795918367,
        "First_Blood_Average": 0.075,
        "First_Inhibitor_Assist_Average": 0.10663265306122449,
        "First_Inhibitor_Kill_Average": 0.03316326530612245,
        "First_Tower_Kill_Average": 0.029081632653061223,
        "First_Tower_Assist_Average": 0.019387755102040816,
        "Largest_Killing_Spree_Average": 2.796938775510204,
        "Largest_Multi_Kill_Average": 1.6489795918367347,
        "Largest_Critical_Strike": 1363,
        "Magic_Damage_Dealt_To_Champion_Average": 26643.442857142858,
        "Minions_Killed_Average": 134.04795918367347,
        "Neutral_Minion_Killed_Average": 9.524489795918367,
        "Neutral_Minion_Killed_Enemy_Jungle_Average": 2.2244897959183674,
        "Pentakills_Average": 0.002551020408163265,
        "Physical_Damage_Dealt_To_Champion_Average": 460.0474489795918,
        "Total_Damage_Dealt_To_Champion_Average": 27429.00918367347,
        "Total_Damage_Taken_Average": 22171.395408163266,
        "Total_Heal_Average": 1463.2045918367346,
        "Total_Time_Crowd_Control_Dealt_Average": 449.65969387755104,
        "Tower_Kills_Average": 0.4642857142857143,
        "True_Damage_Dealt_To_Champion_Average": 325.0137755102041,
        "Sight_Wards_Bought_Average": 0.2316326530612245,
        "Vision_Wards_Bought_Average": 0.15918367346938775,
        "Wards_Bought_Average": 0.39081632653061227,
        "Wards_Placed_Average": 5.485204081632653,
        "Wards_Killed_Average": 0.24336734693877551,
        "Win_Rate": 0.5163265306122449
    },
    "Items": {
        "one": {
            "name": "Rod of Ages",
            "percentages": "53.41%",
            "win": "53.67%"
        },
        "two": {
            "name": "seraph’s Embrace",
            "percentages": "47.09%",
            "win": "57.31%"
        },
        "three": {
            "name": "Rabadon’s Deathcap",
            "percentages": "38.77%",
            "win": "61.18%"
        },
        "four": {
            "name": "Zhonya’s Hourglass",
            "percentages": "29.74%",
            "win": "57.97%"
        },
        "five": {
            "name": "Void Staff",
            "percentages": "17.55%",
            "win": "56.39%"
        },
        "six": {
            "name": "Pox Arcana",
            "percentages": "14.84%",
            "win": "53.26%"
        },
        "seven": {
            "name": "Rylai’s Crystal Scepter",
            "percentages": "14.08%",
            "win": "61.59%"
        },
        "eight": {
            "name": "Netherstride Grimoire",
            "percentages": "11.53%",
            "win": "58.84%"
        },
        "nine": {
            "name": "Luden’s Echo",
            "percentages": "10.56%",
            "win": "66.18%"
        },
        "ten": {
            "name": "Archangel’s Staff",
            "percentages": "7.19%",
            "win": "55.31%"
        }
    }
}