{
    "champion": {
        "Ban_Rate_Per_Game": 0.12025,
        "Pick_Rate": 0.0654,
        "Assists_Rate": 7.345565749235474,
        "Death_Rate": 6.338226299694189,
        "Kills_Rate": 6.312232415902141,
        "KDA": 2.1548296825243654,
        "Gold_Earned_Average": 11500.689602446484,
        "Gold_Spent_Average": 10454.51376146789,
        "First_Blood_Average": 0.06941896024464832,
        "First_Inhibitor_Assist_Average": 0.13470948012232417,
        "First_Inhibitor_Kill_Average": 0.08119266055045872,
        "First_Tower_Kill_Average": 0.05045871559633028,
        "First_Tower_Assist_Average": 0.03241590214067278,
        "Largest_Killing_Spree_Average": 2.8016819571865446,
        "Largest_Multi_Kill_Average": 1.4249235474006117,
        "Largest_Critical_Strike": 1235,
        "Magic_Damage_Dealt_To_Champion_Average": 11177.275993883792,
        "Minions_Killed_Average": 87.26850152905199,
        "Neutral_Minion_Killed_Average": 43.833333333333336,
        "Neutral_Minion_Killed_Enemy_Jungle_Average": 7.631498470948012,
        "Pentakills_Average": 0.0024464831804281344,
        "Physical_Damage_Dealt_To_Champion_Average": 4003.0577981651377,
        "Total_Damage_Dealt_To_Champion_Average": 15829.02247706422,
        "Total_Damage_Taken_Average": 26843.68149847095,
        "Total_Heal_Average": 7637.326758409786,
        "Total_Time_Crowd_Control_Dealt_Average": 585.4466360856269,
        "Tower_Kills_Average": 0.8067278287461773,
        "True_Damage_Dealt_To_Champion_Average": 648.1282874617737,
        "Sight_Wards_Bought_Average": 0.3120795107033639,
        "Vision_Wards_Bought_Average": 0.25076452599388377,
        "Wards_Bought_Average": 0.5628440366972477,
        "Wards_Placed_Average": 6.475993883792049,
        "Wards_Killed_Average": 0.6344036697247707,
        "Win_Rate": 0.5201834862385321
    },
    "Items": {
        "one": {
            "name": "Nashor’s Tooth",
            "percentages": "74.00%",
            "win": "56.40%"
        },
        "two": {
            "name": "Runaan’s Hurricane",
            "percentages": "37.47%",
            "win": "59.44%"
        },
        "three": {
            "name": "Rabadon’s Deathcap",
            "percentages": "16.89%",
            "win": "61.80%"
        },
        "four": {
            "name": "Lich Bane",
            "percentages": "12.70%",
            "win": "59.68%"
        },
        "five": {
            "name": "Zhonya’s Hourglass",
            "percentages": "8.25%",
            "win": "60.92%"
        },
        "six": {
            "name": "Wit’s End",
            "percentages": "6.86%",
            "win": "65.92%"
        },
        "seven": {
            "name": "Void Staff",
            "percentages": "6.68%",
            "win": "60.64%"
        },
        "eight": {
            "name": "Rylai’s Crystal Scepter",
            "percentages": "6.60%",
            "win": "67.82%"
        },
        "nine": {
            "name": "Typhoon Claws",
            "percentages": "6.42%",
            "win": "55.23%"
        },
        "ten": {
            "name": "Blade of the Ruined King",
            "percentages": "6.25%",
            "win": "57.94%"
        }
    }
}