{
    "champion": {
        "Ban_Rate_Per_Game": 0.0071,
        "Pick_Rate": 0.06337,
        "Assists_Rate": 5.950134132870444,
        "Death_Rate": 6.67082215559413,
        "Kills_Rate": 8.179895849771185,
        "KDA": 2.118184183757954,
        "Gold_Earned_Average": 11443.41344484772,
        "Gold_Spent_Average": 10574.133501656936,
        "First_Blood_Average": 0.11156698753353322,
        "First_Inhibitor_Assist_Average": 0.09578664983430646,
        "First_Inhibitor_Kill_Average": 0.049865867129556575,
        "First_Tower_Kill_Average": 0.03171847877544579,
        "First_Tower_Assist_Average": 0.018462995108095313,
        "Largest_Killing_Spree_Average": 3.5299037399400346,
        "Largest_Multi_Kill_Average": 1.5363736783967177,
        "Largest_Critical_Strike": 2031,
        "Magic_Damage_Dealt_To_Champion_Average": 1125.692125611488,
        "Minions_Killed_Average": 65.07306296354741,
        "Neutral_Minion_Killed_Average": 47.330913681552786,
        "Neutral_Minion_Killed_Enemy_Jungle_Average": 9.344326968597128,
        "Pentakills_Average": 0.0015780337699226763,
        "Physical_Damage_Dealt_To_Champion_Average": 14804.948240492347,
        "Total_Damage_Dealt_To_Champion_Average": 16608.691020987848,
        "Total_Damage_Taken_Average": 30367.313397506707,
        "Total_Heal_Average": 5814.212087738678,
        "Total_Time_Crowd_Control_Dealt_Average": 599.386618273631,
        "Tower_Kills_Average": 0.5114407448319394,
        "True_Damage_Dealt_To_Champion_Average": 677.5018147388354,
        "Sight_Wards_Bought_Average": 0.3487454631529115,
        "Vision_Wards_Bought_Average": 0.2578507180053653,
        "Wards_Bought_Average": 0.6065961811582767,
        "Wards_Placed_Average": 5.955341644311188,
        "Wards_Killed_Average": 0.7263689442954079,
        "Win_Rate": 0.46930724317500394
    },
    "Items": {
        "one": {
            "name": "Ravenous Hydra",
            "percentages": "68.94%",
            "win": "51.31%"
        },
        "two": {
            "name": "Last Whisper",
            "percentages": "40.68%",
            "win": "55.77%"
        },
        "three": {
            "name": "The Black Cleaver",
            "percentages": "27.34%",
            "win": "54.87%"
        },
        "four": {
            "name": "Flesheater",
            "percentages": "10.65%",
            "win": "47.40%"
        },
        "five": {
            "name": "Randuin’s Omen",
            "percentages": "9.35%",
            "win": "52.78%"
        },
        "six": {
            "name": "Youmuu’s Ghostblade",
            "percentages": "6.02%",
            "win": "54.45%"
        },
        "seven": {
            "name": "Ruby Sightstone",
            "percentages": "5.39%",
            "win": "38.30%"
        },
        "eight": {
            "name": "Mirage Blade",
            "percentages": "5.23%",
            "win": "54.21%"
        },
        "nine": {
            "name": "The Bloodthirster",
            "percentages": "5.14%",
            "win": "63.19%"
        },
        "ten": {
            "name": "Guardian Angel",
            "percentages": "4.05%",
            "win": "54.86%"
        }
    }
}