{
    "champion": {
        "Ban_Rate_Per_Game": 0.09937,
        "Pick_Rate": 0.09932,
        "Assists_Rate": 13.20237615787354,
        "Death_Rate": 6.085682641965365,
        "Kills_Rate": 2.6391461941200163,
        "KDA": 2.6030805883228827,
        "Gold_Earned_Average": 8977.762384212647,
        "Gold_Spent_Average": 8185.457913813935,
        "First_Blood_Average": 0.049738219895287955,
        "First_Inhibitor_Assist_Average": 0.20519532823197745,
        "First_Inhibitor_Kill_Average": 0.02174788562223117,
        "First_Tower_Kill_Average": 0.0324204591220298,
        "First_Tower_Assist_Average": 0.10501409585179218,
        "Largest_Killing_Spree_Average": 1.0517519130084576,
        "Largest_Multi_Kill_Average": 0.9470398711236407,
        "Largest_Critical_Strike": 1119,
        "Magic_Damage_Dealt_To_Champion_Average": 5909.979057591623,
        "Minions_Killed_Average": 39.991139750302054,
        "Neutral_Minion_Killed_Average": 1.283930728956907,
        "Neutral_Minion_Killed_Enemy_Jungle_Average": 0.4816753926701571,
        "Pentakills_Average": 0.00010068465565847765,
        "Physical_Damage_Dealt_To_Champion_Average": 2903.5771244462344,
        "Total_Damage_Dealt_To_Champion_Average": 8976.755436971405,
        "Total_Damage_Taken_Average": 25805.99305275876,
        "Total_Heal_Average": 3165.369714055578,
        "Total_Time_Crowd_Control_Dealt_Average": 434.6062223117197,
        "Tower_Kills_Average": 0.31735803463552154,
        "True_Damage_Dealt_To_Champion_Average": 162.6833467579541,
        "Sight_Wards_Bought_Average": 0.7297623842126459,
        "Vision_Wards_Bought_Average": 0.6263592428513894,
        "Wards_Bought_Average": 1.3561216270640355,
        "Wards_Placed_Average": 16.270942408376964,
        "Wards_Killed_Average": 1.1448852194925494,
        "Win_Rate": 0.5389649617398309
    },
    "Items": {
        "one": {
            "name": "Sightstone",
            "percentages": "61.81%",
            "win": "53.44%"
        },
        "two": {
            "name": "Face of the Mountain",
            "percentages": "56.26%",
            "win": "58.37%"
        },
        "three": {
            "name": "Sunfire Cape",
            "percentages": "26.89%",
            "win": "59.64%"
        },
        "four": {
            "name": "Dead Man’s Plate",
            "percentages": "16.20%",
            "win": "59.78%"
        },
        "five": {
            "name": "Martyr’s Gambit",
            "percentages": "15.31%",
            "win": "61.47%"
        },
        "six": {
            "name": "Randuin’s Omen",
            "percentages": "14.06%",
            "win": "58.48%"
        },
        "seven": {
            "name": "Ruby Sightstone",
            "percentages": "13.73%",
            "win": "49.19%"
        },
        "eight": {
            "name": "Frozen Heart",
            "percentages": "10.33%",
            "win": "60.72%"
        },
        "nine": {
            "name": "Locket of the Iron Solari",
            "percentages": "10.13%",
            "win": "63.05%"
        },
        "ten": {
            "name": "Thornmail",
            "percentages": "7.90%",
            "win": "54.52%"
        }
    }
}