{
    "champion": {
        "Ban_Rate_Per_Game": 0.01021,
        "Pick_Rate": 0.05166,
        "Assists_Rate": 7.006194347657762,
        "Death_Rate": 6.16066589237321,
        "Kills_Rate": 7.433023615950445,
        "KDA": 2.3437755294413374,
        "Gold_Earned_Average": 11564.239450251645,
        "Gold_Spent_Average": 10611.76751838947,
        "First_Blood_Average": 0.08343012001548587,
        "First_Inhibitor_Assist_Average": 0.17247386759581881,
        "First_Inhibitor_Kill_Average": 0.06542779713511421,
        "First_Tower_Kill_Average": 0.10956252419667054,
        "First_Tower_Assist_Average": 0.02497096399535424,
        "Largest_Killing_Spree_Average": 3.3313975996902827,
        "Largest_Multi_Kill_Average": 1.510646535036779,
        "Largest_Critical_Strike": 1379,
        "Magic_Damage_Dealt_To_Champion_Average": 18883.437282229967,
        "Minions_Killed_Average": 146.72454510259388,
        "Neutral_Minion_Killed_Average": 8.164924506387921,
        "Neutral_Minion_Killed_Enemy_Jungle_Average": 2.5443283004258612,
        "Pentakills_Average": 0.0011614401858304297,
        "Physical_Damage_Dealt_To_Champion_Average": 2945.6099496709253,
        "Total_Damage_Dealt_To_Champion_Average": 22471.152148664343,
        "Total_Damage_Taken_Average": 19838.69879984514,
        "Total_Heal_Average": 1230.0193573364304,
        "Total_Time_Crowd_Control_Dealt_Average": 349.02574525745257,
        "Tower_Kills_Average": 0.8381726674409601,
        "True_Damage_Dealt_To_Champion_Average": 641.5466511807975,
        "Sight_Wards_Bought_Average": 0.40437475803329465,
        "Vision_Wards_Bought_Average": 0.1997677119628339,
        "Wards_Bought_Average": 0.6041424699961285,
        "Wards_Placed_Average": 7.301393728222997,
        "Wards_Killed_Average": 0.3008130081300813,
        "Win_Rate": 0.5435540069686411
    },
    "Items": {
        "one": {
            "name": "Rod of Ages",
            "percentages": "57.62%",
            "win": "55.15%"
        },
        "two": {
            "name": "Rabadon’s Deathcap",
            "percentages": "36.54%",
            "win": "58.63%"
        },
        "three": {
            "name": "Liandry’s Torment",
            "percentages": "29.79%",
            "win": "58.80%"
        },
        "four": {
            "name": "Luden’s Echo",
            "percentages": "27.02%",
            "win": "59.38%"
        },
        "five": {
            "name": "Zhonya’s Hourglass",
            "percentages": "17.69%",
            "win": "54.81%"
        },
        "six": {
            "name": "Pox Arcana",
            "percentages": "16.02%",
            "win": "56.03%"
        },
        "seven": {
            "name": "Rylai’s Crystal Scepter",
            "percentages": "15.58%",
            "win": "59.75%"
        },
        "eight": {
            "name": "Void Staff",
            "percentages": "10.84%",
            "win": "61.96%"
        },
        "nine": {
            "name": "Netherstride Grimoire",
            "percentages": "9.17%",
            "win": "60.97%"
        },
        "ten": {
            "name": "Rite of Ruin",
            "percentages": "7.82%",
            "win": "55.69%"
        }
    }
}