{
    "champion": {
        "Ban_Rate_Per_Game": 0.0133,
        "Pick_Rate": 0.05813,
        "Assists_Rate": 6.896266987785997,
        "Death_Rate": 6.284018579046964,
        "Kills_Rate": 7.461207638052641,
        "KDA": 2.2847600536559995,
        "Gold_Earned_Average": 11335.336487183898,
        "Gold_Spent_Average": 10457.589540684672,
        "First_Blood_Average": 0.12523653879236193,
        "First_Inhibitor_Assist_Average": 0.11749526922415277,
        "First_Inhibitor_Kill_Average": 0.0954756580079133,
        "First_Tower_Kill_Average": 0.09994839153621193,
        "First_Tower_Assist_Average": 0.020299329089970754,
        "Largest_Killing_Spree_Average": 3.3345948735592637,
        "Largest_Multi_Kill_Average": 1.4985377601926717,
        "Largest_Critical_Strike": 2395,
        "Magic_Damage_Dealt_To_Champion_Average": 820.5601238603131,
        "Minions_Killed_Average": 111.91123344228454,
        "Neutral_Minion_Killed_Average": 21.878376053672802,
        "Neutral_Minion_Killed_Enemy_Jungle_Average": 5.09289523481851,
        "Pentakills_Average": 0.0018923103388955788,
        "Physical_Damage_Dealt_To_Champion_Average": 16747.21950799931,
        "Total_Damage_Dealt_To_Champion_Average": 18172.95424049544,
        "Total_Damage_Taken_Average": 27201.93067263031,
        "Total_Heal_Average": 2441.5673490452436,
        "Total_Time_Crowd_Control_Dealt_Average": 460.77705143643556,
        "Tower_Kills_Average": 1.1178393256494066,
        "True_Damage_Dealt_To_Champion_Average": 604.635816273869,
        "Sight_Wards_Bought_Average": 0.2934801307414416,
        "Vision_Wards_Bought_Average": 0.20316531911233443,
        "Wards_Bought_Average": 0.496645449853776,
        "Wards_Placed_Average": 6.21331498365732,
        "Wards_Killed_Average": 0.46585239979356613,
        "Win_Rate": 0.5358678823327025
    },
    "Items": {
        "one": {
            "name": "Ravenous Hydra",
            "percentages": "60.53%",
            "win": "58.51%"
        },
        "two": {
            "name": "The Black Cleaver",
            "percentages": "36.43%",
            "win": "61.33%"
        },
        "three": {
            "name": "Randuin’s Omen",
            "percentages": "17.80%",
            "win": "56.23%"
        },
        "four": {
            "name": "Last Whisper",
            "percentages": "16.94%",
            "win": "65.07%"
        },
        "five": {
            "name": "Trinity Force",
            "percentages": "14.98%",
            "win": "60.61%"
        },
        "six": {
            "name": "Flesheater",
            "percentages": "13.96%",
            "win": "59.60%"
        },
        "seven": {
            "name": "Sunfire Cape",
            "percentages": "13.79%",
            "win": "58.97%"
        },
        "eight": {
            "name": "Ruby Sightstone",
            "percentages": "9.32%",
            "win": "42.06%"
        },
        "nine": {
            "name": "Dead Man’s Plate",
            "percentages": "8.63%",
            "win": "60.15%"
        },
        "ten": {
            "name": "Youmuu’s Ghostblade",
            "percentages": "8.30%",
            "win": "62.73%"
        }
    }
}