{
    "champion": {
        "Ban_Rate_Per_Game": 0.01225,
        "Pick_Rate": 0.06544,
        "Assists_Rate": 6.70140586797066,
        "Death_Rate": 7.024602689486553,
        "Kills_Rate": 7.802720048899755,
        "KDA": 2.0647610346102807,
        "Gold_Earned_Average": 10696.621332518338,
        "Gold_Spent_Average": 9931.366289731051,
        "First_Blood_Average": 0.1671760391198044,
        "First_Inhibitor_Assist_Average": 0.1295843520782396,
        "First_Inhibitor_Kill_Average": 0.04844132029339853,
        "First_Tower_Kill_Average": 0.06876528117359414,
        "First_Tower_Assist_Average": 0.034993887530562345,
        "Largest_Killing_Spree_Average": 3.290036674816626,
        "Largest_Multi_Kill_Average": 1.4694376528117359,
        "Largest_Critical_Strike": 2529,
        "Magic_Damage_Dealt_To_Champion_Average": 2161.610177261614,
        "Minions_Killed_Average": 84.59352078239608,
        "Neutral_Minion_Killed_Average": 18.86583129584352,
        "Neutral_Minion_Killed_Enemy_Jungle_Average": 3.818765281173594,
        "Pentakills_Average": 0.001069682151589242,
        "Physical_Damage_Dealt_To_Champion_Average": 14295.96164425428,
        "Total_Damage_Dealt_To_Champion_Average": 17105.66717603912,
        "Total_Damage_Taken_Average": 26273.43444376528,
        "Total_Heal_Average": 1887.9572127139365,
        "Total_Time_Crowd_Control_Dealt_Average": 427.3830990220049,
        "Tower_Kills_Average": 0.7143948655256723,
        "True_Damage_Dealt_To_Champion_Average": 647.544162591687,
        "Sight_Wards_Bought_Average": 0.24067848410757947,
        "Vision_Wards_Bought_Average": 0.1687041564792176,
        "Wards_Bought_Average": 0.4093826405867971,
        "Wards_Placed_Average": 5.864303178484108,
        "Wards_Killed_Average": 0.3471882640586797,
        "Win_Rate": 0.4877750611246944
    },
    "Items": {
        "one": {
            "name": "Ravenous Hydra",
            "percentages": "46.97%",
            "win": "53.54%"
        },
        "two": {
            "name": "The Black Cleaver",
            "percentages": "41.54%",
            "win": "55.24%"
        },
        "three": {
            "name": "Last Whisper",
            "percentages": "20.64%",
            "win": "58.62%"
        },
        "four": {
            "name": "Randuin’s Omen",
            "percentages": "15.02%",
            "win": "50.45%"
        },
        "five": {
            "name": "Flesheater",
            "percentages": "12.95%",
            "win": "52.83%"
        },
        "six": {
            "name": "Ruby Sightstone",
            "percentages": "8.51%",
            "win": "42.36%"
        },
        "seven": {
            "name": "Warmog’s Armor",
            "percentages": "8.34%",
            "win": "53.29%"
        },
        "eight": {
            "name": "Dead Man’s Plate",
            "percentages": "8.25%",
            "win": "52.59%"
        },
        "nine": {
            "name": "Banshee’s Veil",
            "percentages": "6.40%",
            "win": "53.22%"
        },
        "ten": {
            "name": "Mirage Blade",
            "percentages": "5.83%",
            "win": "53.66%"
        }
    }
}