{
    "champion": {
        "Ban_Rate_Per_Game": 0.05261,
        "Pick_Rate": 0.09175,
        "Assists_Rate": 6.406103542234332,
        "Death_Rate": 6.4847956403269755,
        "Kills_Rate": 7.035313351498638,
        "KDA": 2.0727587481932166,
        "Gold_Earned_Average": 10835.473896457766,
        "Gold_Spent_Average": 10026.458964577656,
        "First_Blood_Average": 0.12228882833787466,
        "First_Inhibitor_Assist_Average": 0.07803814713896458,
        "First_Inhibitor_Kill_Average": 0.061362397820163485,
        "First_Tower_Kill_Average": 0.02801089918256131,
        "First_Tower_Assist_Average": 0.021471389645776568,
        "Largest_Killing_Spree_Average": 2.9922615803814714,
        "Largest_Multi_Kill_Average": 1.3460490463215258,
        "Largest_Critical_Strike": 2605,
        "Magic_Damage_Dealt_To_Champion_Average": 8334.946158038147,
        "Minions_Killed_Average": 49.16817438692098,
        "Neutral_Minion_Killed_Average": 43.42626702997275,
        "Neutral_Minion_Killed_Enemy_Jungle_Average": 9.8916621253406,
        "Pentakills_Average": 0.0006539509536784741,
        "Physical_Damage_Dealt_To_Champion_Average": 6201.021689373297,
        "Total_Damage_Dealt_To_Champion_Average": 15595.93242506812,
        "Total_Damage_Taken_Average": 24735.261907356948,
        "Total_Heal_Average": 1879.60621253406,
        "Total_Time_Crowd_Control_Dealt_Average": 939.0565667574932,
        "Tower_Kills_Average": 0.533732970027248,
        "True_Damage_Dealt_To_Champion_Average": 1059.384196185286,
        "Sight_Wards_Bought_Average": 0.21950953678474114,
        "Vision_Wards_Bought_Average": 0.22201634877384196,
        "Wards_Bought_Average": 0.44152588555858313,
        "Wards_Placed_Average": 5.529591280653951,
        "Wards_Killed_Average": 0.8286648501362398,
        "Win_Rate": 0.47509536784741146
    },
    "Items": {
        "one": {
            "name": "Ravenous Hydra",
            "percentages": "48.78%",
            "win": "52.94%"
        },
        "two": {
            "name": "Statikk Shiv",
            "percentages": "31.12%",
            "win": "52.03%"
        },
        "three": {
            "name": "Infinity Edge",
            "percentages": "19.55%",
            "win": "59.19%"
        },
        "four": {
            "name": "Luden’s Echo",
            "percentages": "9.94%",
            "win": "49.89%"
        },
        "five": {
            "name": "Last Whisper",
            "percentages": "8.40%",
            "win": "57.32%"
        },
        "six": {
            "name": "Trickster’s Glass",
            "percentages": "6.53%",
            "win": "52.50%"
        },
        "seven": {
            "name": "Flesheater",
            "percentages": "6.07%",
            "win": "47.93%"
        },
        "eight": {
            "name": "Blade of the Ruined King",
            "percentages": "5.60%",
            "win": "51.94%"
        },
        "nine": {
            "name": "Youmuu’s Ghostblade",
            "percentages": "5.54%",
            "win": "50.29%"
        },
        "ten": {
            "name": "Mirage Blade",
            "percentages": "5.50%",
            "win": "50.09%"
        }
    }
}