{
    "champion": {
        "Ban_Rate_Per_Game": 0.00899,
        "Pick_Rate": 0.11702,
        "Assists_Rate": 13.42642283370364,
        "Death_Rate": 6.040334985472569,
        "Kills_Rate": 3.256366433088361,
        "KDA": 2.7618980250127327,
        "Gold_Earned_Average": 9494.937532045804,
        "Gold_Spent_Average": 8569.642710647753,
        "First_Blood_Average": 0.052384207827721754,
        "First_Inhibitor_Assist_Average": 0.22004785506750982,
        "First_Inhibitor_Kill_Average": 0.04811143394291574,
        "First_Tower_Kill_Average": 0.051187831139976075,
        "First_Tower_Assist_Average": 0.11698854896598872,
        "Largest_Killing_Spree_Average": 1.4000170910955392,
        "Largest_Multi_Kill_Average": 1.0201674927362845,
        "Largest_Critical_Strike": 1129,
        "Magic_Damage_Dealt_To_Champion_Average": 10133.317039822252,
        "Minions_Killed_Average": 25.44317210733208,
        "Neutral_Minion_Killed_Average": 1.0213638694240301,
        "Neutral_Minion_Killed_Enemy_Jungle_Average": 0.4735088019142027,
        "Pentakills_Average": 0.00008545547769612032,
        "Physical_Damage_Dealt_To_Champion_Average": 2170.4670141856095,
        "Total_Damage_Dealt_To_Champion_Average": 12446.164074517177,
        "Total_Damage_Taken_Average": 18382.390702444027,
        "Total_Heal_Average": 9465.280635788755,
        "Total_Time_Crowd_Control_Dealt_Average": 210.47009058280636,
        "Tower_Kills_Average": 0.46991967185096567,
        "True_Damage_Dealt_To_Champion_Average": 141.8680567424372,
        "Sight_Wards_Bought_Average": 0.7358571184412921,
        "Vision_Wards_Bought_Average": 0.44206118612203044,
        "Wards_Bought_Average": 1.1779183045633226,
        "Wards_Placed_Average": 15.146812510681935,
        "Wards_Killed_Average": 0.823192616646727,
        "Win_Rate": 0.527687574773543
    },
    "Items": {
        "one": {
            "name": "Sightstone",
            "percentages": "52.92%",
            "win": "52.72%"
        },
        "two": {
            "name": "Lich Bane",
            "percentages": "26.80%",
            "win": "59.67%"
        },
        "three": {
            "name": "Athene’s Unholy Grail",
            "percentages": "17.03%",
            "win": "58.07%"
        },
        "four": {
            "name": "Ardent Censer",
            "percentages": "13.14%",
            "win": "60.53%"
        },
        "five": {
            "name": "Luden’s Echo",
            "percentages": "9.94%",
            "win": "61.34%"
        },
        "six": {
            "name": "Pox Arcana",
            "percentages": "7.56%",
            "win": "60.67%"
        },
        "seven": {
            "name": "Netherstride Grimoire",
            "percentages": "7.24%",
            "win": "60.02%"
        },
        "eight": {
            "name": "Globe of Trust",
            "percentages": "6.89%",
            "win": "54.77%"
        },
        "nine": {
            "name": "Lost Chapter",
            "percentages": "6.62%",
            "win": "53.80%"
        },
        "ten": {
            "name": "Rabadon’s Deathcap",
            "percentages": "6.59%",
            "win": "60.75%"
        }
    }
}