{
    "champion": {
        "Ban_Rate_Per_Game": 0.01437,
        "Pick_Rate": 0.05402,
        "Assists_Rate": 6.6877082562014065,
        "Death_Rate": 7.62550907071455,
        "Kills_Rate": 9.430581266197704,
        "KDA": 2.1137329157866627,
        "Gold_Earned_Average": 11682.046649389114,
        "Gold_Spent_Average": 10840.641429100333,
        "First_Blood_Average": 0.11699370603480193,
        "First_Inhibitor_Assist_Average": 0.09718622732321362,
        "First_Inhibitor_Kill_Average": 0.07441688263606072,
        "First_Tower_Kill_Average": 0.08311736393928175,
        "First_Tower_Assist_Average": 0.019622362088115512,
        "Largest_Killing_Spree_Average": 3.6786375416512405,
        "Largest_Multi_Kill_Average": 1.5684931506849316,
        "Largest_Critical_Strike": 3461,
        "Magic_Damage_Dealt_To_Champion_Average": 46.288781932617546,
        "Minions_Killed_Average": 130.58071084783413,
        "Neutral_Minion_Killed_Average": 9.754535357275083,
        "Neutral_Minion_Killed_Enemy_Jungle_Average": 3.3493150684931505,
        "Pentakills_Average": 0.0011106997408367272,
        "Physical_Damage_Dealt_To_Champion_Average": 20788.1364309515,
        "Total_Damage_Dealt_To_Champion_Average": 21585.957052943355,
        "Total_Damage_Taken_Average": 26154.894298408,
        "Total_Heal_Average": 2052.268974453906,
        "Total_Time_Crowd_Control_Dealt_Average": 907.1373565346169,
        "Tower_Kills_Average": 0.9054054054054054,
        "True_Damage_Dealt_To_Champion_Average": 751.3717141799334,
        "Sight_Wards_Bought_Average": 0.2669381710477601,
        "Vision_Wards_Bought_Average": 0.18196964087375045,
        "Wards_Bought_Average": 0.4489078119215105,
        "Wards_Placed_Average": 6.107737874861162,
        "Wards_Killed_Average": 0.3641243983709737,
        "Win_Rate": 0.518326545723806
    },
    "Items": {
        "one": {
            "name": "Ravenous Hydra",
            "percentages": "70.45%",
            "win": "55.17%"
        },
        "two": {
            "name": "Youmuu’s Ghostblade",
            "percentages": "57.16%",
            "win": "55.79%"
        },
        "three": {
            "name": "Last Whisper",
            "percentages": "39.17%",
            "win": "59.73%"
        },
        "four": {
            "name": "Infinity Edge",
            "percentages": "20.78%",
            "win": "60.28%"
        },
        "five": {
            "name": "The Black Cleaver",
            "percentages": "18.32%",
            "win": "58.58%"
        },
        "six": {
            "name": "Flesheater",
            "percentages": "15.38%",
            "win": "54.87%"
        },
        "seven": {
            "name": "Mirage Blade",
            "percentages": "8.27%",
            "win": "57.71%"
        },
        "eight": {
            "name": "The Bloodthirster",
            "percentages": "5.16%",
            "win": "62.36%"
        },
        "nine": {
            "name": "Typhoon Claws",
            "percentages": "4.62%",
            "win": "54.40%"
        },
        "ten": {
            "name": "Guardian Angel",
            "percentages": "3.20%",
            "win": "61.27%"
        }
    }
}