{
    "champion": {
        "Ban_Rate_Per_Game": 0.00792,
        "Pick_Rate": 0.0081,
        "Assists_Rate": 6.737037037037037,
        "Death_Rate": 6.45679012345679,
        "Kills_Rate": 6.093827160493827,
        "KDA": 1.987189292543021,
        "Gold_Earned_Average": 10310.943209876543,
        "Gold_Spent_Average": 9539.081481481482,
        "First_Blood_Average": 0.13333333333333333,
        "First_Inhibitor_Assist_Average": 0.14444444444444443,
        "First_Inhibitor_Kill_Average": 0.06172839506172839,
        "First_Tower_Kill_Average": 0.07901234567901234,
        "First_Tower_Assist_Average": 0.03333333333333333,
        "Largest_Killing_Spree_Average": 2.669135802469136,
        "Largest_Multi_Kill_Average": 1.3580246913580247,
        "Largest_Critical_Strike": 1366,
        "Magic_Damage_Dealt_To_Champion_Average": 84.31604938271605,
        "Minions_Killed_Average": 120.57777777777778,
        "Neutral_Minion_Killed_Average": 6.3654320987654325,
        "Neutral_Minion_Killed_Enemy_Jungle_Average": 2.1530864197530866,
        "Pentakills_Average": 0.0024691358024691358,
        "Physical_Damage_Dealt_To_Champion_Average": 15744.004938271604,
        "Total_Damage_Dealt_To_Champion_Average": 16128.083950617283,
        "Total_Damage_Taken_Average": 20752.886419753086,
        "Total_Heal_Average": 1479.5333333333333,
        "Total_Time_Crowd_Control_Dealt_Average": 488.61358024691356,
        "Tower_Kills_Average": 0.9185185185185185,
        "True_Damage_Dealt_To_Champion_Average": 299.60370370370373,
        "Sight_Wards_Bought_Average": 0.2111111111111111,
        "Vision_Wards_Bought_Average": 0.17407407407407408,
        "Wards_Bought_Average": 0.3851851851851852,
        "Wards_Placed_Average": 5.508641975308642,
        "Wards_Killed_Average": 0.33209876543209876,
        "Win_Rate": 0.4876543209876543
    },
    "Items": {
        "one": {
            "name": "The Black Cleaver",
            "percentages": "51.97%",
            "win": "53.44%"
        },
        "two": {
            "name": "Muramana",
            "percentages": "47.65%",
            "win": "53.88%"
        },
        "three": {
            "name": "Manamune",
            "percentages": "33.58%",
            "win": "45.58%"
        },
        "four": {
            "name": "Last Whisper",
            "percentages": "27.65%",
            "win": "57.14%"
        },
        "five": {
            "name": "Frozen Heart",
            "percentages": "23.33%",
            "win": "50.79%"
        },
        "six": {
            "name": "Mirage Blade",
            "percentages": "8.39%",
            "win": "61.76%"
        },
        "seven": {
            "name": "Ruby Sightstone",
            "percentages": "5.06%",
            "win": "34.14%"
        },
        "eight": {
            "name": "Trinity Force",
            "percentages": "4.32%",
            "win": "51.42%"
        },
        "nine": {
            "name": "Typhoon Claws",
            "percentages": "4.19%",
            "win": "44.11%"
        },
        "ten": {
            "name": "The Bloodthirster",
            "percentages": "3.70%",
            "win": "56.66%"
        }
    }
}