{
    "champion": {
        "Ban_Rate_Per_Game": 0.05834,
        "Pick_Rate": 0.15049,
        "Assists_Rate": 6.750681108379294,
        "Death_Rate": 7.216692139012559,
        "Kills_Rate": 7.647883580304339,
        "KDA": 1.9951751316710251,
        "Gold_Earned_Average": 11392.574124526547,
        "Gold_Spent_Average": 10479.470795401689,
        "First_Blood_Average": 0.12213436108711542,
        "First_Inhibitor_Assist_Average": 0.10698385274769087,
        "First_Inhibitor_Kill_Average": 0.07781247923450063,
        "First_Tower_Kill_Average": 0.06884178350720978,
        "First_Tower_Assist_Average": 0.02930427270915011,
        "Largest_Killing_Spree_Average": 3.1198750747557975,
        "Largest_Multi_Kill_Average": 1.4872084523888631,
        "Largest_Critical_Strike": 2277,
        "Magic_Damage_Dealt_To_Champion_Average": 3471.44474715928,
        "Minions_Killed_Average": 60.93660708352714,
        "Neutral_Minion_Killed_Average": 46.98165991095754,
        "Neutral_Minion_Killed_Enemy_Jungle_Average": 9.354641504418899,
        "Pentakills_Average": 0.0021928367333377634,
        "Physical_Damage_Dealt_To_Champion_Average": 13128.007508804572,
        "Total_Damage_Dealt_To_Champion_Average": 17469.303807561962,
        "Total_Damage_Taken_Average": 32585.870556183134,
        "Total_Heal_Average": 8272.487540700378,
        "Total_Time_Crowd_Control_Dealt_Average": 874.6129310917669,
        "Tower_Kills_Average": 0.9271047910160144,
        "True_Damage_Dealt_To_Champion_Average": 869.27829091634,
        "Sight_Wards_Bought_Average": 0.2528407203136421,
        "Vision_Wards_Bought_Average": 0.213701907103462,
        "Wards_Bought_Average": 0.4665426274171041,
        "Wards_Placed_Average": 6.057811150242541,
        "Wards_Killed_Average": 0.66675526613064,
        "Win_Rate": 0.5262808160010632
    },
    "Items": {
        "one": {
            "name": "Blade of the Ruined King",
            "percentages": "44.14%",
            "win": "60.02%"
        },
        "two": {
            "name": "The Black Cleaver",
            "percentages": "16.45%",
            "win": "58.82%"
        },
        "three": {
            "name": "Trinity Force",
            "percentages": "15.62%",
            "win": "60.65%"
        },
        "four": {
            "name": "Randuin’s Omen",
            "percentages": "13.99%",
            "win": "56.50%"
        },
        "five": {
            "name": "Sunfire Cape",
            "percentages": "13.71%",
            "win": "56.68%"
        },
        "six": {
            "name": "Spirit Visage",
            "percentages": "13.60%",
            "win": "57.22%"
        },
        "seven": {
            "name": "Typhoon Claws",
            "percentages": "10.77%",
            "win": "59.03%"
        },
        "eight": {
            "name": "Youmuu’s Ghostblade",
            "percentages": "10.75%",
            "win": "59.70%"
        },
        "nine": {
            "name": "Ravenous Hydra",
            "percentages": "10.71%",
            "win": "58.46%"
        },
        "ten": {
            "name": "Flesheater",
            "percentages": "10.03%",
            "win": "55.69%"
        }
    }
}